kadai_id,status,do_person,task,plan_hour,due_date,actual_hour,do_date
1,99_Close,浅,課題管理表を作成する,0.5,2017/7/23,1.2,2017/7/23
1,99_Close,浅,課題管理表に説明のための注釈をつける,0.1,2017/7/23,0.2,2017/7/23
1,99_Close,浅,週次報告管理シートを作成する,0.4,2017/7/23,0.4,2017/7/23
1,99_Close,浅,サンプルデータを入力する,0.2,2017/7/23,0.5,2017/7/23
2,99_Close,浅,yahooからデータを参照し、カード毎に支払った広告費を計算する,0.3,2017/7/25,1,2017/7/25
2,99_Close,浅,5月の会計データをマネーフォワードを基に入力する,0.5,2017/7/31,0.8,2017/8/2
2,99_Close,浅,6月の会計データをマネーフォワードを基に入力する,0.5,2017/8/8,0.6,2017/8/8
55,99_Close,浅,7月1日時点での資産額と比較して誤差とその原因を確かめる,3,2017/8/8,1,2017/8/9
3,99_Close,浅,現時点で月にいくら利益が出ているか確認する,0.1,2017/7/23,0.1,2017/7/23
3,99_Close,浅,月にいくら返せるか試算する,0.1,2017/7/23,0.1,2017/7/23
3,99_Close,浅,何月に返済できるかを計算する,0.1,2017/7/23,0.1,2017/7/23
3,99_Close,浅,返済計画表を作る。負債総額を把握し、毎月の返済額、返済期限を設定する。,0.5,2017/7/26,0.1,2017/7/24
3,99_Close,浅,ミーティングでメンバーと返済計画について合意を取る,0.3,2017/7/25,0.3,2017/7/25
4,99_Close,浅,現在の経費ルールを洗い出す,0.5,2017/7/23,0.1,2017/7/23
4,99_Close,浅,現在の経費に関する問題点を列挙して、優先順位付けをする,0.5,2017/7/23,0.1,2017/7/23
4,99_Close,浅,経費のルールの改善案を作成する,1,2017/7/27,0.6,2017/7/29
4,99_Close,浅,新たな経費ルールについてミーティングでフィードバックを受ける,,2017/7/31,,
4,99_Close,浅,経費ルールにフィードバックを加えて完成版を作成する,,2017/8/1,,
4,99_Close,浅,経費ルールの再確認を行う。書面で確認してもらう。,0.1,2017/8/8,0.2,2017/8/12
5,99_Close,浅,今の週次報告・フィードバックについて現状分析する,0.3,2017/7/23,0.1,2017/7/23
5,99_Close,浅,報告すべき事項、フィードバックを受ける内容を列挙する。,0.5,2017/7/23,0.5,2017/7/23
5,99_Close,浅,タスクNo.22を踏まえて週次報告管理シートを更新する,0.3,2017/7/23,0.5,2017/7/23
5,99_Close,浅,週次報告までに行うべきタスクを定義する,0.2,2017/7/23,0.1,2017/7/23
5,99_Close,浅,週次報告管理シートに沿った週次報告ミーティングの流れを作成する,0.4,2017/7/23,0.1,2017/7/23
5,99_Close,浅,週次報告管理シートの説明資料を作成する,0.5,2017/7/24,0.1,2017/7/24
5,99_Close,浅,ミーティングで説明し、承認を得る,0.4,2017/7/25,0.2,2017/7/25
6,99_Close,作村,アフィリエイトリンクタグの書き換え,0.5,2017/7/25,,
7,99_Close,吉野,課題の洗い出しを行い、課題表に記載する,2,2017/7/26,4,2017/7/26
8,99_Close,吉野,先月分の売上・支出をまとめ、グーグルドライブに上げる,2,2017/8/1,2.5,2017/8/1
9,99_Close,吉野,先週分の売上・支出をまとめ、グーグルドライブに上げる,1.5,2017/8/7,1.5,2017/8/7
9,99_Close,吉野,先週分の売上・支出をまとめ、グーグルドライブに上げる,1.5,2017/8/14,6,2017/8/14
9,99_Close,吉野,先週分の売上・支出をまとめ、グーグルドライブに上げる,1.5,2017/8/21,2.5,2017/8/21
9,99_Close,吉野,先週分の売上・支出をまとめ、グーグルドライブに上げる,1.5,2017/8/28,3,2017/8/27
9,99_Close,吉野,先月分の売上・支出をまとめ、グーグルドライブに上げる,2,2017/9/1,1.2,2017/9/1
11,99_Close,吉野,A8商品を10件YDNに出稿する,4,2017/7/27,3,2017/7/29
11,99_Close,吉野,A8商品を10件YDNに出稿する,4,2017/7/28,3,2017/7/29
11,99_Close,吉野,A8商品を10件YDNに出稿する,3,2017/7/29,3,2017/7/30
11,99_Close,吉野,A8商品を10件YDNに出稿する,3,2017/7/31,3,2017/7/31
11,99_Close,吉野,A8商品を10件YDNに出稿する,3,2017/8/1,3.5,2017/7/31
11,99_Close,吉野,A8商品を5件YDNに出稿する,1.5,2017/8/2,1.5,2017/8/2
11,99_Close,吉野,A8商品を5件YDNに出稿する,1.5,2017/8/2,1.7,2017/8/2
11,99_Close,吉野,A8商品を5件YDNに出稿する,1.5,2017/8/2,1.5,2017/8/3
11,99_Close,吉野,A8商品を5件YDNに出稿する,1.5,2017/8/3,1.5,2017/8/3
11,99_Close,吉野,A8商品を5件YDNに出稿する,1.5,2017/8/3,1.5,2017/8/3
11,99_Close,吉野,A8商品を5件YDNに出稿する,1.5,2017/8/3,1.2,2017/8/3
11,99_Close,吉野,A8商品を5件YDNに出稿する,1.5,2017/8/4,1.3,2017/8/4
11,99_Close,吉野,A8商品を5件YDNに出稿する,1.5,2017/8/4,1.5,2017/8/4
11,99_Close,吉野,A8商品を5件YDNに出稿する,1.5,2017/8/4,1.5,2017/8/4
11,99_Close,吉野,A8商品を5件YDNに出稿する,1.5,2017/8/5,1.3,2017/8/5
11,99_Close,吉野,A8商品を5件YDNに出稿する,1.5,2017/8/5,1.5,2017/8/5
11,99_Close,吉野,A8商品を5件YDNに出稿する,1.5,2017/8/5,1.3,2017/8/5
11,99_Close,吉野,A8商品を5件YDNに出稿する,1.5,2017/8/7,1.2,2017/8/6
11,99_Close,吉野,A8商品を5件YDNに出稿する,1.5,2017/8/7,1.5,2017/8/6
11,99_Close,吉野,A8商品を5件YDNに出稿する,1.5,2017/8/7,1.2,2017/8/7
11,99_Close,吉野,A8商品を5件YDNに出稿する,1.5,2017/8/8,1.5,2017/8/8
11,99_Close,吉野,A8商品を5件YDNに出稿する,1.5,2017/8/8,1.2,2017/8/8
11,99_Close,吉野,A8商品を5件YDNに出稿する,1.5,2017/8/8,1,2017/8/8
11,99_Close,吉野,A8商品を5件YDNに出稿する,1.5,2017/8/9,1.2,2017/8/9
11,99_Close,吉野,A8商品を5件YDNに出稿する,1.5,2017/8/9,1.3,2017/8/9
11,99_Close,吉野,A8商品を5件YDNに出稿する,1.5,2017/8/9,1.3,2017/8/9
11,99_Close,吉野,A8商品を5件YDNに出稿する,1.5,2017/8/10,1.5,2017/8/10
11,99_Close,吉野,A8商品を5件YDNに出稿する,1.5,2017/8/10,1,2017/8/10
11,99_Close,吉野,A8商品を5件YDNに出稿する,1.5,2017/8/10,1.2,2017/8/10
11,99_Close,吉野,A8商品を5件YDNに出稿する,1.5,2017/8/11,1.2,2017/8/11
11,99_Close,吉野,A8商品を5件YDNに出稿する,1.5,2017/8/11,1.4,2017/8/11
11,99_Close,吉野,A8商品を5件YDNに出稿する,1.5,2017/8/11,2,2017/8/11
12,99_Close,作村,AT商品を5件YDNに出稿する,1.5,2017/8/16,1.5,2017/8/16
12,99_Close,作村,AT商品を5件YDNに出稿する,1.5,2017/8/18,1.5,2017/8/18
12,99_Close,吉野,AT健康食品のうちYDN商品名出稿が可能な商品をピックアップする,2,2017/8/8,1.5,2017/8/9
12,99_Close,吉野,ATコスメのうちYDN商品名出稿が可能な商品をピックアップする,2,2017/8/9,1.5,2017/8/9
12,99_Close,吉野,ATeコマースのうちYDN商品名出稿が可能な商品をピックアップする,1.5,2017/8/10,2.5,2017/8/10
12,99_Close,吉野,AT金融・保険のうちYDN商品名出稿が可能な商品をピックアップする,1.5,2017/8/11,1.1,2017/8/11
12,99_Close,吉野,ATエンターテイメントのうちYDN商品名出稿が可能な商品をピックアップする,1.5,2017/8/11,0.4,2017/8/11
12,99_Close,吉野,ATサービス業のうちYDN商品名出稿が可能な商品をピックアップする,1.5,2017/8/12,2.5,2017/8/12
12,99_Close,吉野,ATその他のうちYDN商品名出稿が可能な商品をピックアップする,1.5,2017/8/12,0.8,2017/8/19
12,99_Close,作村,AT商品を5件YDNに出稿する,1.5,2017/8/19,1.5,2017/8/19
14,99_Close,吉野,SSクイックリンクオプションのクリック率を測定する,0.5,2017/8/1,0.2,2017/8/1
15,99_Close,吉野,広告ごとのクリック率の差異と、広告インデックスを計測する,1,2017/8/1,1.5,2017/8/1
14,99_Close,吉野,SSクイックリンクオプションのクリック率を測定する,0.5,2017/8/15,0.2,2017/8/15
15,99_Close,吉野,広告ごとのクリック率の差異と、広告インデックスを計測する,1,2017/8/15,1.5,2017/8/16
16,99_Close,吉野,商品名YDN改善LPのテンプレート作成用に1商品LP案を作成し、縞居くんに依頼する,2,2017/8/11,2,2017/8/12
16,99_Close,吉野,商品名YDNのLPを1商品分改善し、広告出稿する,2,2017/8/7,4,2017/8/6
16,99_Close,吉野,商品名YDNのLPを1商品分改善し、広告出稿する,3,2017/8/14,2.5,2017/8/20
16,99_Close,吉野,商品名YDNのLPを1商品分改善し、広告出稿する,3,2017/8/14,1.5,2017/8/20
16,99_Close,吉野,商品名YDNのLPを1商品分改善し、広告出稿する,3,2017/8/21,1.5,2017/8/21
16,99_Close,吉野,商品名YDNのLPを1商品分改善し、広告出稿する,3,2017/8/22,1.1,2017/8/22
16,99_Close,吉野,商品名YDNのLPを1商品分改善し、広告出稿する,1.5,2017/8/25,0.8,2017/8/25
16,99_Close,吉野,商品名YDNのLPを1商品分改善し、広告出稿する,1.5,2017/8/25,0.6,2017/8/25
16,99_Close,吉野,商品名YDNのLPを1商品分改善し、広告出稿する,1.5,2017/8/29,0.7,2017/8/29
16,99_Close,吉野,商品名YDNのLPを1商品分改善し、広告出稿する,1.5,2017/8/29,0.4,2017/8/29
16,99_Close,吉野,商品名YDNのLPを1商品分改善し、広告出稿する,1.5,2017/8/29,0.4,2017/8/29
16,99_Close,吉野,商品名YDNのLPを1商品分改善し、広告出稿する,1.5,2017/8/29,0.4,2017/8/29
16,99_Close,吉野,商品名YDNのLPを1商品分改善し、広告出稿する,1.5,2017/8/29,0.5,2017/8/29
16,99_Close,吉野,商品名YDNのLPを1商品分改善し、広告出稿する,1.5,2017/8/30,1.2,2017/8/30
16,99_Close,吉野,商品名YDNのLPを1商品分改善し、広告出稿する,1.5,2017/8/31,0.4,
16,99_Close,吉野,商品名YDNのLPを1商品分改善し、広告出稿する,2,2017/8/20,1.5,2017/8/21
16,99_Close,吉野,商品名YDNのLPを1商品分改善し、広告出稿する,2,2017/8/21,1.5,2017/8/22
16,99_Close,吉野,商品名YDNのLPを1商品分改善し、広告出稿する,2,2017/8/21,1.1,2017/8/22
16,99_Close,吉野,商品名YDNのLPを1商品分改善し、広告出稿する,2,2017/8/22,0.4,2017/8/23
16,99_Close,吉野,商品名YDNのLPを1商品分改善し、広告出稿する,2,2017/8/22,0.7,2017/8/23
16,99_Close,吉野,商品名YDNのLPを1商品分改善し、広告出稿する,2,2017/8/22,0.8,2017/8/23
16,99_Close,吉野,商品名YDNのLPを1商品分改善し、広告出稿する,2,2017/8/23,1.5,2017/8/23
16,99_Close,吉野,商品名YDNのLPを1商品分改善し、広告出稿する,1.5,2017/8/24,0.7,2017/8/24
16,99_Close,吉野,商品名YDNのLPを1商品分改善し、広告出稿する,1.5,2017/8/24,1.1,2017/8/24
16,99_Close,吉野,商品名YDNのLPを1商品分改善し、広告出稿する,1.5,2017/8/24,1,2017/8/24
16,99_Close,吉野,商品名YDNのLPを1商品分改善し、広告出稿する,1.5,2017/8/25,1,2017/8/25
22,99_Close,吉野,スキンケアLPをSSに関連キーワード出稿する,2,2017/7/28,2.5,2017/7/29
23,99_Close,吉野,スキンケアLPのインプレッション・クリックが発生するか測定する,0.5,2017/8/1,0.3,2017/8/1
23,99_Close,吉野,スキンケアLPのインプレッション・クリックが発生するか測定する,0.5,2017/8/7,0.3,2017/8/7
23,99_Close,吉野,スキンケアLPのインプレッション・クリックが発生するか測定する,0.5,2017/8/14,0.5,2017/8/15
24,99_Close,吉野,スキンケアLPの内容修正箇所を洗い出す,1,2017/7/24,1,2017/7/24
24,99_Close,吉野,スキンケアLPの内容追加項目を洗い出す,1,2017/7/24,1,2017/7/24
24,99_Close,吉野,スキンケアLPの内容追加項目①上部コメント案を作成する,2,2017/7/26,3,2017/7/26
24,99_Close,吉野,スキンケアLPの内容追加項目②口コミ点数を調査する,1,2017/7/25,1,2017/7/25
24,99_Close,吉野,スキンケアLPの内容追加項目③口コミのうちつかえそうなものをピックアップする,4,2017/7/26,5,2017/7/27
24,99_Close,吉野,スキンケアLPの内容追加項目④下部コメント案を作成する,1,2017/7/27,1,2017/7/27
24,99_Close,吉野,スキンケアLPの内容修正・追加案を縞居君に伝え反映を依頼する,0.5,2017/7/27,0.5,2017/7/28
24,99_Close,吉野,完成したスキンケアLP第2版の内容を確認し、広告出稿する,0.5,2017/8/14,0.5,2017/8/12
32,99_Close,吉野,関連LP②のコンセプト、載せる商品を決める。,2,2017/7/23,2,
33,99_Close,吉野,関連LP②の内容構成案を作成する,2,2017/8/8,2,2017/8/3
33,99_Close,吉野,関連LP②の内容案を作成し、縞居君にLP作成を依頼する,4,2017/8/10,3,2017/8/6
34,99_Close,吉野,関連LP②のターゲティングを決めるために関連するキーワードを洗い出す,2,2017/8/15,1,2017/8/16
34,99_Close,吉野,関連LP②の関連キーワードを分類し、ターゲッティング分類を決める,2,2017/8/9,2,2017/8/8
34,99_Close,吉野,関連LP②の分類したYDNキーワードをキーワードサーチリストに設定し、テスト出稿する,2,2017/8/9,2.5,2017/8/9
45,99_Close,作村,1週間分の課題を課題管理票とタスク管理表に記入,3,2017/7/27,0.5,2017/7/27
11,99_Close,作村,YDN10出稿する。,3,2017/7/27,2.5,2017/7/28
11,99_Close,作村,YDN10出稿する。,3,2017/8/10,3,2017/8/10
11,99_Close,作村,YDN10出稿する。,3,2017/8/10,2.5,2017/8/12
11,99_Close,作村,YDN10出稿する。,3,2017/8/11,,
13,99_Close,作村,5再出稿する,1,2017/7/27,0.4,2017/7/28
13,99_Close,作村,YDN審査落ち広告を2件再出稿する,0.5,2017/8/16,0.5,2017/8/16
13,99_Close,作村,YDN審査落ち広告を2件再出稿する,0.5,2017/8/17,0.5,2017/8/17
13,99_Close,作村,YDN審査落ち広告を2件再出稿する,0.5,2017/8/18,0.5,2017/8/18
48,99_Close,作村,27日伊藤さんへ収支報告。,0.5,2017/7/27,0,
48,99_Close,作村,28日伊藤さんへ収支報告。,0.5,2017/7/28,0,
48,99_Close,作村,29日伊藤さんへ収支報告。,0.5,2017/7/29,0,
48,99_Close,作村,30日伊藤さんへ収支報告。,0.5,2017/8/11,0,
49,99_Close,作村,管理シートの分析,1,2017/7/30,0,
24,99_Close,吉野,スキンケアLPの商品説明を追記する,2,2017/7/28,3,2017/7/28
2,99_Close,浅,メイプラックが利用しているカードのリストを作成する,0.3,2017/8/2,0.3,2017/8/4
2,99_Close,浅,月毎のカード支払額の記録表を作成する,0.2,2017/8/2,0.4,2017/8/2
51,99_Close,吉野,SS既出稿商品のうち、提携解除になっていない商品をピックアップする,0.5,2017/8/30,0.3,2017/8/30
51,99_Close,吉野,タスク180の商品のうちafb商品の月別検索数の推移をデータ抽出する,4,2017/8/30,2.5,2017/8/30
51,99_Close,吉野,タスク180の商品のうちAT商品の月別検索数の推移をデータ抽出する,2,2017/8/30,1.2,2017/8/30
51,99_Close,吉野,タスク180の商品のうち、出稿する商品と時期を決め一覧表にする,3,2017/8/31,2.4,2017/8/31
53,99_Close,吉野,YDN商品の広告入札価格を調整する,0.5,2017/8/2,0.3,2017/8/2
53,99_Close,吉野,YDN停止案件の広告・キーワードリストを整理・削除する,1,2017/8/2,1.5,2017/8/2
54,99_Close,吉野,SS審査落ち広告を再出稿する,0.5,2017/8/2,0.5,2017/8/3
56,99_Close,作村,今週の予定タスクを記入する。,0.5,2017/7/31,0.5,2017/7/31
57,99_Close,作村,全ての修正を終える,2,2017/8/6,2,2017/8/5
11,99_Close,作村,31日5出稿する。,2.5,2017/7/31,1.5,
11,99_Close,作村,1日5出稿する。,2.5,2017/8/1,1.5,2017/8/6
11,99_Close,作村,A8商品を5件YDNに出稿する,2.5,2017/8/9,1,2017/8/9
11,99_Close,作村,A8商品を5件YDNに出稿する,2.5,2017/8/12,1.5,2017/8/12
11,99_Close,作村,A8商品を5件YDNに出稿する,2.5,2017/8/12,1.5,2017/8/12
11,99_Close,作村,A8商品を5件YDNに出稿する,2.5,2017/8/5,1.5,2017/8/5
13,99_Close,作村,YDN審査落ち広告を2件再出稿する,0.5,2017/8/19,0.5,2017/8/19
13,99_Close,作村,YDN審査落ち広告を2件再出稿する,0.5,2017/8/20,0.5,2017/8/20
13,99_Close,作村,YDN審査落ち広告を2件再出稿する,0.5,2017/8/21,0.5,2017/8/22
13,99_Close,作村,YDN審査落ち広告を2件再出稿する,0.5,2017/8/22,0.5,2017/8/22
13,99_Close,作村,YDN審査落ち広告を2件再出稿する,0.4,2017/8/27,0.4,2017/8/29
13,99_Close,作村,YDN審査落ち広告を2件再出稿する,0.4,2017/8/27,0.4,2017/8/29
71,99_Close,作村,伊藤さんへ収支報告,0.5,2017/8/8,0.6,2017/8/8
71,99_Close,作村,伊藤さんへ収支報告,0.5,2017/8/9,0.6,2017/8/9
71,99_Close,作村,伊藤さんへ収支報告,0.6,2017/8/10,0.6,2017/8/10
71,99_Close,作村,伊藤さんへ収支報告,0.6,2017/8/11,0.5,2017/8/11
71,99_Close,作村,伊藤さんへ収支報告,0.6,2017/8/12,0,
71,99_Close,作村,伊藤さんへ収支報告,0.6,2017/8/13,0,
58,99_Close,作村,伊藤さん報告,0.5,2017/8/6,0,
59,99_Close,作村,ミーティング報告資料作成,0.5,2017/8/6,0.5,2017/8/7
60,99_Close,浅,要望に応じて課題管理表を改善する,5,2017/8/31,5,2017/8/11
61,99_Close,吉野,課題とタスクの再設定を行う,2,2017/8/1,1,2017/8/1
62,99_Close,吉野,新規出稿商品を売上データに反映する,0.5,2017/8/1,0.2,2017/8/1
62,99_Close,吉野,赤字・停止条件を満たす商品がないか確認し、あれば停止する,0.5,2017/8/1,0.5,2017/8/1
62,99_Close,吉野,新規出稿商品を売上データに反映する,0.5,2017/8/7,0.2,2017/8/7
62,99_Close,吉野,赤字・停止条件を満たす商品がないか確認し、あれば停止する,0.5,2017/8/7,0.5,2017/8/7
62,99_Close,吉野,新規出稿商品を売上データに反映する,0.5,2017/8/14,0.3,2017/8/14
62,99_Close,吉野,赤字・停止条件を満たす商品がないか確認し、あれば停止する,0.5,2017/8/14,0.5,2017/8/14
62,99_Close,吉野,新規出稿商品を売上データに反映する,0.5,2017/8/21,1.2,2017/8/21
62,99_Close,吉野,赤字・停止条件を満たす商品がないか確認し、あれば停止する,0.5,2017/8/21,0.5,2017/8/21
63,99_Close,吉野,7月売上データをグラフ化し、報告用資料を作成する,2,2017/8/1,4,2017/8/3
63,99_Close,吉野,7月売上実績報告会を実施する,0.5,2017/8/7,0.5,2017/8/7
24,99_Close,吉野,スキンケアLPの文章構成を見直し、文字数を調整する,2,2017/8/1,2,2017/8/1
23,99_Close,吉野,関連キーワードLPのデータ測定用のエクセルを作成する,1.5,2017/8/1,1.2,2017/8/1
23,99_Close,吉野,縞居君に関連キーワードLPの７月実績を報告する,0.5,2017/8/1,0.1,2017/8/1
64,99_Close,吉野,SS売上を分析し、主力商品を選定する,2,2017/8/2,1.5,2017/8/2
65,99_Close,吉野,SS売上アップ計画を策定しタスク管理表を入力する,2,2017/8/4,3,2017/8/5
66,99_Close,浅,6月確定分のPPCの売り上げをMFに入力する,0.3,2017/8/4,0.4,2017/8/4
66,99_Close,浅,6月確定分のPPCの売り上げを会計ソフトに入力する,0.2,2017/8/7,0.4,2017/8/8
88,99_Close,浅,7月確定分のPPCの売り上げをMFに入力する,0.3,2017/8/17,0.4,2017/8/14
88,99_Close,浅,7月確定分のPPCの売り上げを会計ソフトに入力す,0.2,2017/8/22,0.4,2017/8/14
67,99_Close,吉野,SS主力商品名の類似名称・間違いなどで検索数が多いキーワードを調査する,1,2017/8/6,1.5,2017/8/8
67,99_Close,吉野,SS主力商品のキーワードクエリ・サジェストから、検索数が多く購入につながりそうなキーワードを洗い出す,1.5,2017/8/6,1.5,2017/8/8
67,99_Close,吉野,"タスク235,236で出たキーワードを完全一致で追加出稿する",1,2017/8/8,2.2,2017/8/11
68,99_Close,吉野,SS主力商品の既出稿広告のクリック率を計測し、差が明確な広告に関しては削除する,0.5,2017/8/15,2.5,2017/8/16
68,99_Close,吉野,SS主力商品の広告文を追加し、ABテストを開始する,1,2017/8/15,1,2017/8/16
69,99_Close,吉野,SS主力商品の広告入札額を調整する,1,2017/8/21,1.5,2017/8/22
12,99_Close,作村,AT商品を5件YDNに出稿する,1.5,2017/9/4,1.5,2017/9/4
16,99_Close,吉野,商品名YDNのLPを1商品分改善し、広告出稿する,1.5,2017/8/28,0.8,2017/8/28
16,99_Close,吉野,商品名YDNのLPを1商品分改善し、広告出稿する,1.5,2017/8/28,1.5,2017/8/28
16,99_Close,吉野,商品名YDNのLPを1商品分改善し、広告出稿する,1.5,2017/8/28,0.4,2017/8/28
16,99_Close,吉野,商品名YDNのLPを1商品分改善し、広告出稿する,1.5,2017/8/28,0.6,2017/8/28
16,99_Close,吉野,商品名YDNのLPを1商品分改善し、広告出稿する,1.5,2017/8/28,0.4,2017/8/28
16,99_Close,吉野,商品名YDNのLPを1商品分改善し、広告出稿する,1.5,2017/8/29,0.6,2017/8/29
16,99_Close,吉野,商品名YDNのLPを1商品分改善し、広告出稿する,1.5,2017/8/29,0.5,2017/8/29
16,99_Close,吉野,商品名YDNのLPを1商品分改善し、広告出稿する,1.5,2017/8/29,1.1,2017/8/29
16,99_Close,吉野,商品名YDNのLPを1商品分改善し、広告出稿する,1.5,2017/8/30,0.3,2017/8/30
16,99_Close,吉野,商品名YDNのLPを1商品分改善し、広告出稿する,1.5,2017/8/30,0.6,2017/8/30
53,99_Close,吉野,YDN 使用しないキーワードリストを削除する,1,2017/8/6,1,2017/8/6
53,99_Close,吉野,YDN キーワードリストの番号ずれを修正,1.5,2017/8/6,1,2017/8/6
46,99_Close,吉野,週次報告管理シートと会議事前資料を作成する,0.5,2017/8/7,0.7,2017/8/7
46,99_Close,吉野,週次報告管理シートと会議事前資料を作成する,0.5,2017/8/14,0.5,2017/8/14
46,99_Close,吉野,週次報告管理シートと会議事前資料を作成する,0.5,2017/8/23,0.6,2017/8/23
46,99_Close,吉野,週次報告管理シートと会議事前資料を作成する,0.5,2017/8/28,0.5,2017/8/28
73,99_Close,浅,plusluckmaker.comのメールアドレスを3人分作る,0.2,2017/8/7,0.1,2017/8/7
73,99_Close,吉野,powerBIのアカウントを取得しデータ共有方法をメンバーに伝える,2,2017/8/8,1.5,2017/8/8
74,99_Close,作村,ASPメールチェック　,0.1,2017/8/7,0.1,2017/8/7
74,99_Close,作村,ASPメールチェック　,0.1,2017/8/8,0.1,2017/8/8
74,99_Close,作村,ASPメールチェック　,0.1,2017/8/9,0.1,2017/8/9
74,99_Close,作村,ASPメールチェック　,0.1,2017/8/10,0.1,2017/8/10
74,99_Close,作村,ASPメールチェック　,0.1,2017/8/11,0.1,2017/8/11
74,99_Close,作村,ASPメールチェック　,0.1,2017/8/12,0.1,2017/8/12
74,99_Close,作村,ASPメールチェック　,0.1,2017/8/13,0.1,2017/8/13
75,99_Close,作村,入金確認,0.1,2017/8/7,0.1,2017/8/7
75,99_Close,作村,入金確認,0.1,2017/8/8,0.1,2017/8/7
75,99_Close,作村,入金確認,0.1,2017/8/9,0.1,
75,99_Close,作村,入金確認,0.1,2017/8/10,0.1,2017/8/10
75,99_Close,作村,入金確認,0.1,2017/8/11,0.1,2017/8/11
75,99_Close,作村,入金確認,0.1,2017/8/12,0.1,
75,99_Close,作村,入金確認,0.1,2017/8/13,0,
54,99_Close,吉野,SS審査落ち商品の再出稿,0.5,2017/8/8,0.2,2017/8/19
73,99_Close,作村,PowerBIのアカウントを取得し、売上データを見れるように設定する,0.5,2017/8/8,0.2,2017/8/8
73,99_Close,浅,PowerBIのアカウントを取得し、売上データを見れるように設定する,0.5,2017/8/8,0.1,2017/8/8
70,99_Close,作村,課題管理表に今週の予定を記入,0.5,2017/8/7,0.1,2017/8/8
72,99_Close,作村,ミーティング資料作成,0.5,2017/8/14,0.5,
76,99_Close,作村,伊藤セミナープレゼン準備,1,2017/8/15,1,
76,99_Close,作村,伊藤セミナープレゼン準備,1,2017/8/10,1.5,2017/8/12
62,99_Close,吉野,PowerBIにYDN商品別シートを追加,1.5,2017/8/8,1,2017/8/8
78,99_Close,作村,伊藤さんへ発生ベースの収支と確定ベースの収支報告,0.6,2017/8/9,0.6,2017/8/11
55,99_Close,浅,7月1日時点での資産額と比較して誤差とその原因を確かめる,1.5,2017/8/16,2,2017/8/13
79,99_Close,浅,日ベースでの各人がメイプラックに費やした時間を把握できるシートを作成する,0.5,2017/8/10,0.5,2017/8/10
79,99_Close,浅,各個人が課題やタスクを確認出来るシートを作成する,1,2017/8/17,1,2017/8/11
62,99_Close,吉野,売上データ管理方法を改善する,0,,3,2017/8/10
62,99_Close,吉野,売上データ管理方法を改善する,0,,1.5,2017/8/11
60,99_Close,浅,要望に応じて課題管理表を改善する,2,2017/8/12,2,2017/8/12
62,99_Close,吉野,売上データ管理方法を改善する,0,,2,2017/8/12
24,99_Close,吉野,スキンケアLPの文章を見やすく修正する。,1.5,2017/8/13,5,2017/8/17
81,99_Close,作村,LPのHTMLとCSSの修正方法動画作成,2,2017/8/14,1.5,
84,99_Close,作村,アフィリエイトハブのタグを全てOceanに変更,1,2017/8/31,0.8,2017/9/3
85,99_Close,浅,yahooから検索クエリデータをダウンロードする,0.2,2017/8/12,0.2,2017/8/12
85,99_Close,浅,PPC売上データを読む,1,2017/8/13,1,2017/8/13
13,99_Close,吉野,SS、YDN審査落ち広告の整理・削除,1.5,2017/8/15,0.7,2017/8/15
86,99_Close,吉野,YDN利益拡大のための計画を作成し直す,4,2017/8/13,6,2017/8/13
87,99_Close,浅,週次報告までに行うべきタスクを定義する,1,2017/8/13,1,2017/8/13
16,99_Close,吉野,商品名YDNのLPを1商品分改善し、広告出稿する,1.5,2017/8/31,0.3,2017/8/31
16,99_Close,吉野,商品名YDNのLPを1商品分改善し、広告出稿する,1.5,2017/8/31,0.2,2017/8/31
17,99_Close,吉野,商品名YDN黒字案件新LPの売上データを測定し、管理シートに今後の方針を記入する,1.5,2017/9/1,0.3,2017/9/1
18,99_Close,吉野,商品名YDN赤字案件3商品分に対しての施策を決め、実施する,1.5,2017/8/14,0.5,2017/8/20
18,99_Close,吉野,商品名YDN赤字案件3商品分に対しての施策を決め、実施する,1.5,2017/8/15,0.2,2017/8/20
18,99_Close,吉野,商品名YDN赤字案件3商品分に対しての施策を決め、実施する,1.5,2017/8/16,0.2,2017/8/20
18,99_Close,吉野,商品名YDN赤字案件3商品分に対しての施策を決め、実施する,1.5,2017/8/17,0.1,2017/8/20
18,99_Close,吉野,商品名YDN赤字案件3商品分に対しての施策を決め、実施する,1.5,2017/8/18,1.3,2017/8/22
18,99_Close,吉野,商品名YDN赤字案件3商品分に対しての施策を決め、実施する,1.5,2017/8/19,0.7,2017/8/22
18,99_Close,吉野,商品名YDN赤字案件3商品分に対しての施策を決め、実施する,1.5,2017/8/20,1,2017/8/22
18,99_Close,吉野,商品名YDN赤字案件3商品分に対しての施策を決め、実施する,1.5,2017/8/21,0.5,2017/8/23
18,99_Close,吉野,商品名YDN赤字案件3商品分に対しての施策を決め、実施する,1.5,2017/8/22,0.2,2017/8/23
18,99_Close,吉野,商品名YDN赤字案件3商品分に対しての施策を決め、実施する,1,2017/8/24,0.7,2017/8/24
18,99_Close,吉野,商品名YDN赤字案件3商品分に対しての施策を決め、実施する,1,2017/8/24,0.5,2017/8/24
18,99_Close,吉野,商品名YDN赤字案件3商品分に対しての施策を決め、実施する,1,2017/8/31,0.8,2017/8/31
18,99_Close,吉野,商品名YDN赤字案件3商品分に対しての施策を決め、実施する,1,2017/8/31,0.7,2017/8/31
18,99_Close,吉野,商品名YDN赤字案件3商品分に対しての施策を決め、実施する,1,2017/8/31,0.8,2017/8/31
18,99_Close,吉野,商品名YDN赤字案件3商品分に対しての施策を決め、実施する,1,2017/8/31,1.1,2017/8/31
88,99_Close,浅,MFの入出金データを会計ソフトに入力し、残高が合っているかどうか確かめる,1,2017/8/13,1,2017/8/13
88,99_Close,浅,MFの入出金データを会計ソフトに入力し、残高が合っているかどうか確かめる,1,2017/8/20,0.5,2017/8/20
88,99_Close,浅,会計作業の手順書を作成する,2,2017/8/16,0.5,2017/8/16
4,99_Close,浅,経費のルールの改善案を作成する,0.5,2017/8/15,0.4,2017/8/15
88,99_Close,浅,会計ソフトとMFのクレジットカード残高を比較し誤差を計算した,0.5,2017/8/14,0.5,2017/8/14
13,99_Close,吉野,YDN再審査落ち商品の管理表と計画を作成する,2,2017/8/14,1.5,2017/8/15
88,99_Close,吉野,エポスカードの支払い履歴を調べて報告する,0.5,2017/8/14,0.7,2017/8/14
91,99_Close,作村,ASPメールチェック　,0.1,2017/8/14,0.1,2017/8/14
91,99_Close,作村,ASPメールチェック　,0.1,2017/8/15,0.1,
91,99_Close,作村,ASPメールチェック　,0.1,2017/8/16,0.1,
91,99_Close,作村,ASPメールチェック　,0.1,2017/8/17,0.1,
91,99_Close,作村,ASPメールチェック　,0.1,2017/8/18,0.1,2017/8/18
91,99_Close,作村,ASPメールチェック　,0.1,2017/8/19,0.1,2017/8/19
91,99_Close,作村,ASPメールチェック　,0.1,2017/8/20,0.1,2017/8/20
92,99_Close,作村,伊藤さんへ収支報告,0.5,2017/8/14,0.6,2017/8/8
92,99_Close,作村,伊藤さんへ収支報告,0.5,2017/8/15,0.6,2017/8/9
92,99_Close,作村,伊藤さんへ収支報告,0.6,2017/8/16,0.6,2017/8/10
92,99_Close,作村,伊藤さんへ収支報告,0.6,2017/8/17,0.1,2017/8/11
92,99_Close,作村,伊藤さんへ収支報告,0.1,2017/8/18,0,
92,99_Close,作村,伊藤さんへ収支報告,0.1,2017/8/19,0.1,2017/8/19
88,99_Close,浅,会計ソフトとMFのクレジットカード残高を比較し誤差を計算した,0.5,2017/8/14,0.5,2017/8/14
93,99_Close,浅,日商簿記3級の勉強サイトを修了する,5,2017/8/20,3,2017/8/20
88,99_Close,浅,8月確定分のPPCの売り上げを会計ソフトに入力する,0.4,2017/9/1,0.4,2017/9/1
88,99_Close,浅,8月確定分のPPCの売り上げをMFに入力する,0.4,2017/9/1,0.4,2017/9/1
88,99_Close,浅,yahooからデータを参照し、カード毎に支払った広告費を計算する,0.3,2017/8/14,0.4,2017/8/14
88,99_Close,吉野,経理の仕訳と財務状況の確認,1,2017/8/15,1.2,2017/8/15
88,99_Close,浅,作村さんにクレジットカードの支払いについて確認する,0.5,2017/8/15,0.5,2017/8/15
88,99_Close,作村,クレジットカードの支払いについて確認する,0.5,2017/8/15,0.5,2017/8/15
62,99_Close,吉野,売上データ管理方法を改善する,0,,7,2017/8/15
92,99_Close,浅,PPC売り上げと広告出稿費をスプレッドシートに記録する,0.4,2017/8/15,0.2,2017/8/15
92,99_Close,浅,PPC売り上げと広告出稿費をスプレッドシートに記録する,0.4,2017/8/16,0.2,2017/8/16
92,99_Close,浅,PPC売り上げと広告出稿費をスプレッドシートに記録する,0.4,2017/8/17,0.1,2017/8/17
92,99_Close,浅,PPC売り上げと広告出稿費をスプレッドシートに記録する,0.4,2017/8/18,0.2,2017/8/18
92,99_Close,作村,PPC売り上げと広告出稿費をスプレッドシートに記録する,0.4,2017/8/19,0.4,2017/8/19
92,99_Close,作村,PPC売り上げと広告出稿費をスプレッドシートに記録する,0.4,2017/8/20,0.2,2017/8/20
92,99_Close,浅,PPC売り上げと広告出稿費をスプレッドシートに記録する,0.4,2017/8/21,0.2,2017/8/21
92,99_Close,作村,PPC売り上げと広告出稿費をスプレッドシートに記録する,0.4,2017/8/22,0.2,2017/8/22
92,99_Close,浅,PPC売り上げと広告出稿費をスプレッドシートに記録する,0.4,2017/8/23,0.2,2017/8/23
92,99_Close,浅,PPC売り上げと広告出稿費をスプレッドシートに記録する,0.2,2017/8/24,0.2,2017/8/24
92,99_Close,浅,PPC売り上げと広告出稿費をスプレッドシートに記録する,0.2,2017/8/25,0.2,2017/8/25
92,99_Close,浅,PPC売り上げと広告出稿費をスプレッドシートに記録する,0.2,2017/8/26,0.2,2017/8/26
92,99_Close,浅,PPC売り上げと広告出稿費をスプレッドシートに記録する,0.2,2017/8/27,0.2,2017/8/27
92,99_Close,浅,PPC売り上げと広告出稿費をスプレッドシートに記録する,0.2,2017/8/28,0.2,2017/8/28
79,99_Close,浅,時給換算した時間を含めた管理会計を作成する,0.5,2017/8/18,0.4,2017/8/16
79,99_Close,浅,#389で作成した管理会計シートを用いた経営指標を作成する,1,2017/8/21,0.5,2017/8/21
79,99_Close,浅,管理会計シートを基に分析を行い経営状態を評価する,2,2017/8/23,1,2017/8/23
13,99_Close,吉野,YDN審査落ち広告を5件再出稿する,1,2017/8/16,0.7,2017/8/20
13,99_Close,吉野,YDN審査落ち広告を5件再出稿する,1,2017/8/17,0.8,2017/8/20
13,99_Close,吉野,YDN審査落ち広告を5件再出稿する,1,2017/8/18,0.6,2017/8/20
13,99_Close,吉野,YDN審査落ち広告を5件再出稿する,1,2017/8/19,0.7,2017/8/20
13,99_Close,吉野,YDN審査落ち広告を5件再出稿する,1,2017/8/20,0.8,2017/8/20
13,99_Close,吉野,YDN審査落ち広告を5件再出稿する,1,2017/8/22,1,2017/8/21
88,99_Close,浅,会計データの入力,0.5,2017/8/15,0.5,2017/8/15
79,99_Close,浅,セゾンカードの限度額引き上げの申請を行う,0.5,2017/8/16,0.3,2017/8/17
88,99_Close,作村,4月?7月のイオンカード口座引き落とし額と引き落とし日を報告する,1,2017/8/20,1,2017/8/20
88,99_Close,作村,MF未登録カードリストにある負債額が正しいかチェックする,2,2017/8/23,2,
79,99_Close,浅,メイプラックの運営状況を分析する,0.4,2017/8/17,0.4,2017/8/17
88,99_Close,浅,イオンカードの返済状況を入力するシートを作成する,0.1,2017/8/17,0.1,2017/8/17
24,99_Close,吉野,HTML編集の仕方の学習,2,2017/8/17,3.5,2017/8/17
79,99_Close,浅,メイプラックの運営状況を分析する,2.2,2017/8/17,2.2,2017/8/17
79,99_Close,浅,月別財務諸表のメンテナンス,0.8,2017/8/18,0.8,2017/8/18
16,99_Close,吉野,グーグルアナリティクス・ヒートマップの設置と、測定の設定を行う,2,2017/8/19,4,2017/8/19
94,99_Close,浅,ミーティング資料作成,1,2017/8/20,1,2017/8/23
95,99_Close,作村,夢叶塾セミナー参加＆懇親会,6,2017/8/20,0.6,2017/8/20
88,99_Close,浅,MFの入出金データを会計ソフトに入力し、残高が合っているかどうか確かめる,0.5,2017/8/27,0.5,2017/8/28
88,99_Close,浅,MF未登録カードリストにある負債額が正しいかチェックする,1,2017/8/23,1,2017/8/24
88,99_Close,浅,作村負債の管理方法の資料を作成する,1,2017/8/21,1,2017/8/21
16,99_Close,作村,YDNアカウントを新規作成する,0.5,2017/8/28,0.5,2017/8/28
16,99_Close,吉野,LP用のワードプレステンプレートを探す,1.5,2017/8/31,1.5,2017/8/31
96,99_Close,作村,ワードプレスにツイッター反映,1,2017/8/21,1,2017/8/21
97,99_Close,作村,新aspに登録する。,0.5,2017/8/22,0.5,
100,99_Close,作村,ワードプレスの引用デザインを修正,1,2017/8/26,3,2017/9/4
98,99_Close,浅,外注トレンドアフィリエイトの事業計画を立てる,1,2017/8/25,1,2017/8/24
98,99_Close,浅,外注トレンドアフィリエイトの事業計画を立てる,1,2017/8/26,1,2017/8/25
98,99_Close,浅,外注トレンドアフィリエイトの事業計画を立てる,1,2017/8/28,0.3,2017/8/30
98,99_Close,浅,牛山にトレンドアフィリエイトの計画を伝え、参画してもらうよう説得する,1,2017/8/28,1,2017/8/26
98,99_Close,浅,外注化に際してコミュニケーションルールを作る,1,2017/8/31,0.3,2017/8/30
62,99_Close,吉野,売上データ管理方法を改善する,0,,2,2017/8/24
98,99_Close,浅,ブログにグーグルアナリティクスを設置し、測定可能な状態にする,1,2017/8/30,1,2017/8/31
62,99_Close,吉野,売上データ管理方法を改善する,0,,5.5,2017/8/25
62,99_Close,吉野,新規出稿商品を売上データに反映する,0.5,2017/8/28,1,2017/8/26
62,99_Close,吉野,赤字・停止条件を満たす商品がないか確認し、あれば停止する,0.5,2017/8/28,0.5,2017/8/27
62,99_Close,吉野,赤字・停止条件を満たす商品がないか確認し、あれば停止する,0.5,2017/9/1,0.3,2017/9/1
62,99_Close,吉野,新規出稿商品を売上データに反映する,0.5,2017/9/1,0.3,2017/9/1
62,99_Close,吉野,売上データ管理方法を改善する,0,,8,2017/8/26
92,99_Close,浅,PPC売り上げと広告出稿費をスプレッドシートに記録する,0.2,2017/8/29,0.2,2017/8/29
92,99_Close,浅,PPC売り上げと広告出稿費をスプレッドシートに記録する,0.2,2017/8/30,0.2,2017/8/30
92,99_Close,浅,PPC売り上げと広告出稿費をスプレッドシートに記録する,0.2,2017/8/31,0.2,2017/8/31
92,99_Close,作村,PPC売り上げと広告出稿費をスプレッドシートに記録する,0.2,2017/9/1,0.2,2017/9/1
92,99_Close,作村,PPC売り上げと広告出稿費をスプレッドシートに記録する,0.2,2017/9/2,0.2,2017/9/2
92,99_Close,作村,PPC売り上げと広告出稿費をスプレッドシートに記録する,0.2,2017/9/3,0.2,2017/9/3
94,99_Close,浅,ミーティング資料作成,1,2017/8/28,1,2017/8/28
62,99_Close,吉野,売上データ管理方法を改善する,0,,3,2017/8/28
62,99_Close,吉野,売上データ管理方法を改善する,0,,1.5,2017/8/27
99,99_Close,作村,リボ払いの残高の確認,1,2017/8/29,2,2017/8/31
78,99_Close,吉野,伊藤報告用収支データ作成,1,2017/8/29,1.2,2017/8/29
101,99_Close,浅,タスク管理表を分割する。,0.3,2017/8/31,0.3,2017/8/31
101,99_Close,浅,タスク管理表の変更による他シートの対応を行う,0.5,2017/8/30,0.5,2017/8/31
102,99_Close,吉野,9月の課題・タスクの見直しを行う,1,2017/9/4,0.8,2017/9/4
102,99_Close,吉野,関連キーワードの計画を立て直す,2,2017/9/3,3.5,2017/9/3
98,99_Close,浅,外注化依頼を基に記事を書く,0.5,2017/8/31,0.5,2017/8/31
88,99_Close,吉野,会計データの入力内容確認,0.5,2017/8/31,0.5,2017/8/31
88,99_Close,吉野,会計データと売上データの照合を行う,0.5,2017/9/1,0.5,2017/9/1
16,99_Close,吉野,LP用ワードプレスデザインを検討する,2,2017/9/1,0.8,2017/9/1
103,99_Close,吉野,縞居君に関連キーワードLPの先月実績を報告する,0.5,2017/9/2,1,2017/9/2
88,99_Close,吉野,会計データと売上データの照合を行う,,2017/9/2,5.5,2017/9/2
106,99_Close,作村,夢叶塾セミナープレゼン原稿作成提出,6,2017/9/3,8,2017/9/2
102,99_Close,吉野,関連キーワードの計画を立て直す,2,2017/9/4,2.1,2017/9/4
103,99_Close,吉野,データベースとSQLの学習,,2017/9/3,2,2017/9/3
104,99_Close,吉野,ミーティング資料作成,0.5,2017/9/4,0.6,2017/9/4
106,99_Close,作村,伊藤セミナープレゼン原稿調整,2,2017/9/4,2,2017/9/4
92,99_Close,浅,PPC売り上げと広告出稿費をスプレッドシートに記録する,0.2,2017/9/4,0.2,2017/9/4
92,99_Close,浅,PPC売り上げと広告出稿費をスプレッドシートに記録する,0.2,2017/9/5,0.2,2017/9/5
62,99_Close,吉野,売上データ管理方法を改善する（全て税込価格に修正）,1.5,2017/9/5,2,2017/9/5
103,99_Close,吉野,データベースとSQLの学習,,,2,2017/9/4
103,99_Close,吉野,データベースとSQLの学習,,,2.5,2017/9/5
101,99_Close,浅,個人入力用のタスク管理表を作成する,0.4,2017/9/5,0.3,2017/9/5
101,99_Close,浅,繰り返しの多い業務の管理方法を決める,0.3,2017/9/6,0.5,2017/9/5
107,99_Close,浅,売掛金管理のためのスプレッドシートを作成する,0.5,2017/9/8,0.5,2017/9/5
107,99_Close,浅,売掛金管理スプレッドシートに売上データを入力する,0.8,2017/9/9,5,2017/9/8
108,99_Close,浅,PPC売上データ管理用のDBを作成する,1,2017/9/4,2,2017/9/4
92,99_Close,浅,8月会計データのチェックをする,1,2017/9/5,1.5,2017/9/8
98,99_Close,浅,外注化依頼を基に記事を書く,0.5,2017/9/5,0.5,2017/9/12
98,99_Close,浅,外注化依頼を基に記事を書く,0.5,2017/9/6,0.5,2017/9/12
98,99_Close,浅,外注化依頼を基に記事を書く,0.5,2017/9/7,0.5,2017/9/14
98,99_Close,浅,外注化依頼を基に記事を書く,0.5,2017/9/8,0.5,2017/9/14
98,99_Close,浅,外注化依頼を基に記事を書く,0.5,2017/9/9,0.5,2017/9/15
88,99_Close,浅,7月31日時点での作村の負債総額を確定し、返済総額を計算する,1,2017/8/31,2,2017/9/12
98,02_Inprocess,浅,アドセンスで広告を取得する,2,2017/9/30,0.2,
107,99_Close,浅,会計データの分析を行った,1,2017/9/9,1,2017/9/9
98,99_Close,浅,外注化依頼を基に記事を書く,0.5,2017/9/18,0.5,2017/9/19
107,99_Close,浅,作村負債の入力データの検証,0.5,2017/9/18,0.5,2017/9/18
107,99_Close,浅,作村負債データ入力,0.4,2017/9/21,0.4,2017/9/21
119,99_Close,浅,MySqlとsqLiteでどちらの実装が簡単か調査する,0.5,2017/10/12,0.5,2017/10/13
119,99_Close,浅,新課題管理表に必要な画面を設計する,3,2017/10/15,2,2017/10/18
119,99_Close,浅,論理データモデルを作成する,0.5,2017/10/16,0.5,2017/10/15
119,99_Close,浅,物理データモデルを作成する,0.3,2017/10/17,0.5,2017/10/15
119,01_Open,浅,処理フローと画面遷移図を作成する,0.5,2017/10/19,,
119,01_Open,浅,コーディングする,5,2017/10/24,6,
119,01_Open,浅,データを移行する,1,2017/10/27,,
119,01_Open,浅,動作テストをする,2,2017/10/28,,
10,99_Close,吉野,先週分の売上・支出をまとめ、グーグルドライブに上げる,1.5,2017/9/11,2,2017/9/10
52,99_Close,吉野,9月に出稿予定の商品をSS出稿する,1,2017/9/21,2,2017/10/3
52,99_Close,吉野,10月に出稿予定の商品をSS出稿する,1,2017/10/1,2,2017/10/3
52,01_Open,吉野,11月に出稿予定の商品をSS出稿する,1,2017/11/1,,
52,01_Open,吉野,12月に出稿予定の商品をSS出稿する,1,2017/12/1,,
103,99_Close,吉野,赤字・停止条件を満たす商品がないか確認し、あれば停止する,0.5,2017/9/11,1,2017/9/10
103,99_Close,吉野,新規出稿商品を売上データに反映する,0.5,2017/9/11,0.2,2017/9/10
104,99_Close,吉野,ミーティング資料作成,0.5,2017/9/11,0.4,2017/9/11
108,99_Close,吉野,PPC売上データ管理用のDBの論理設計,,,9,2017/9/6
108,99_Close,吉野,PPC売上データ管理用のDBの作成・データ移行,,,8.5,2017/9/7
108,99_Close,吉野,PPC売上データ管理用のDBとpowerBI接続・設定,,,9,2017/9/8
108,99_Close,吉野,PPC売上データ管理用のDBとpowerBI接続・設定,,,6.5,2017/9/9
108,99_Close,吉野,PPC売上データ管理用のDBとpowerBI接続・設定,,,4,2017/9/10
107,99_Close,吉野,powerBIと会計データの整合性チェック,2,2017/9/11,2,2017/9/11
108,99_Close,吉野,売上データにASP別のデータと発生額を追加する,1.5,2017/9/12,1.5,2017/9/12
108,99_Close,吉野,売上データの試験更新,1.5,2017/9/13,1.5,2017/9/13
112,99_Close,吉野,ルーチンワークを業務カレンダーに移行する,0.5,2017/9/13,0.5,2017/9/13
67,99_Close,吉野,タスク237で追加したキーワードのうち、インプレッションが多いものを別広告グループに移行し、専用のLP、広告文で出稿する,3,2017/9/19,4.5,2017/9/21
68,99_Close,吉野,SS主力商品のABテストの結果を計測し、差が明確な広告に関しては削除する,1,2017/9/20,2,2017/9/22
17,99_Close,吉野,商品名YDN黒字案件新LPの売上データを測定し、管理シートに今後の方針を記入する,1.5,2017/9/20,2,2017/9/23
17,99_Close,吉野,商品名YDN黒字案件新LPの売上データを測定し、管理シートに今後の方針を記入する,2,2017/10/6,2.5,2017/10/5
19,99_Close,吉野,商品名YDN赤字案件の施策の結果を測定し、管理シートに今後の方針を記入する,1,2017/9/20,2,2017/9/23
19,99_Close,吉野,商品名YDN赤字案件の施策の結果を測定し、管理シートに今後の方針を記入する,1,2017/10/6,1.5,2017/10/5
13,99_Close,吉野,YDN審査落ち広告を5件再出稿する,1,2017/9/10,0.8,2017/9/11
13,99_Close,吉野,YDN審査落ち広告を5件再出稿する,1,2017/9/10,0.8,2017/9/11
13,99_Close,吉野,YDN審査落ち広告を5件再出稿する,1,2017/9/13,0.7,2017/9/13
13,99_Close,吉野,YDN審査落ち広告を5件再出稿する,1,2017/9/13,0.8,2017/9/13
13,99_Close,吉野,YDN審査落ち広告を5件再出稿する,1,2017/9/13,1.1,2017/9/16
13,99_Close,吉野,YDN審査落ち広告を5件再出稿する,1,2017/9/13,0.9,2017/9/16
13,99_Close,吉野,YDN審査落ち広告を5件再出稿する,1,2017/9/19,1.2,2017/9/19
13,99_Close,吉野,YDN審査落ち広告を5件再出稿する,1,2017/9/19,0.8,2017/9/19
13,99_Close,吉野,YDN審査落ち広告を5件再出稿する,1,2017/9/19,1,2017/9/19
13,99_Close,吉野,YDN審査落ち広告を5件再出稿する,1,2017/9/19,0.8,2017/9/19
13,99_Close,吉野,YDN審査落ち広告を5件再出稿する,1,2017/9/19,1,2017/9/19
13,99_Close,吉野,YDN審査落ち広告を5件再出稿する,1,2017/9/20,0.5,2017/9/20
13,99_Close,吉野,YDN審査落ち広告を5件再出稿する,1,2017/9/20,0.5,2017/9/20
13,99_Close,吉野,YDN審査落ち広告とキーワードリストの整理,1,2017/10/4,1.2,2017/10/4
13,99_Close,吉野,YDN審査落ち広告を5件再出稿する,1,2017/10/5,0.7,2017/10/5
13,99_Close,吉野,YDN審査落ち広告を5件再出稿する,1,2017/10/5,1,2017/10/6
13,01_Open,吉野,YDN審査落ち広告を5件再出稿する,1,2017/10/18,,
13,01_Open,吉野,YDN審査落ち広告を5件再出稿する,1,2017/10/19,,
13,01_Open,吉野,YDN審査落ち広告を5件再出稿する,1,2017/10/20,,
13,01_Open,吉野,YDN審査落ち広告を5件再出稿する,1,2017/10/21,,
13,01_Open,吉野,YDN審査落ち広告を5件再出稿する,1,2017/10/22,,
13,01_Open,吉野,YDN審査落ち広告を5件再出稿する,1,2017/10/23,,
13,01_Open,吉野,YDN審査落ち広告を5件再出稿する,1,2017/10/24,,
13,01_Open,吉野,YDN審査落ち広告を5件再出稿する,1,2017/10/25,,
18,99_Close,吉野,商品名YDN赤字案件5商品分に対しての施策を決め、実施する,1,2017/9/20,1.2,2017/9/20
18,99_Close,吉野,商品名YDN赤字案件5商品分に対しての施策を決め、実施する,1,2017/9/20,1.1,2017/9/20
18,99_Close,吉野,商品名YDN赤字案件5商品分に対しての施策を決め、実施する,1,2017/9/21,0.7,2017/9/21
18,99_Close,吉野,商品名YDN赤字案件5商品分に対しての施策を決め、実施する,1,2017/9/21,0.8,2017/9/22
18,99_Close,吉野,商品名YDN赤字案件5商品分に対しての施策を決め、実施する,1,2017/9/22,0.8,2017/9/22
18,99_Close,吉野,商品名YDN赤字案件5商品分に対しての施策を決め、実施する,1,2017/9/22,0.7,2017/9/24
18,99_Close,吉野,商品名YDN赤字案件5商品分に対しての施策を決め、実施する,1,2017/9/23,0.7,2017/9/24
18,99_Close,吉野,商品名YDN赤字案件5商品分に対しての施策を決め、実施する,1,2017/9/23,0.8,2017/9/24
18,99_Close,吉野,商品名YDN赤字案件5商品分に対しての施策を決め、実施する,1,2017/9/23,2.5,2017/9/25
16,99_Close,吉野,商品名YDNのLPを1商品分改善し、広告出稿する,1,2017/9/20,0.8,2017/9/20
16,99_Close,吉野,商品名YDNのLPを1商品分改善し、広告出稿する,1,2017/9/20,1.5,2017/9/20
16,99_Close,吉野,商品名YDNのLPを1商品分改善し、広告出稿する,1,2017/9/20,0.6,2017/9/21
16,99_Close,吉野,商品名YDNのLPを1商品分改善し、広告出稿する,1,2017/9/22,1,2017/9/22
17,99_Close,吉野,YDN黒字案件の新LPの成果率が低い原因を検討する,2,2017/9/24,1.5,2017/9/24
113,99_Close,吉野,9月までの計画と実績のまとめ・年内の計画立案,3,2017/9/26,3.5,2017/9/26
113,99_Close,吉野,年内の計画を課題とタスクに落とし込む,3,2017/9/27,4,2017/9/27
114,01_Open,吉野,SS主力商品の広告文を追加し、ABテストを開始する,2,2017/10/18,,
114,99_Close,吉野,SS主力商品のキーワードクエリから、キーワードの追加と除外キーワードの設定を行う,1,2017/10/6,1.2,2017/10/8
114,01_Open,吉野,SS主力商品追加キーワードのうち、インプレッションの多いものの専用LP・広告を作成する,2,2017/10/19,,
116,99_Close,吉野,YDN商品名キーワードで追加出稿する対象を決定する,2,2017/10/2,1,2017/10/3
117,99_Close,吉野,YDN主力商品のLP・広告文のABテストを2商品分実施する,2,2017/10/5,2,2017/10/6
117,99_Close,吉野,YDN保留商品に対しての施策を10商品分実施する,2,2017/10/6,2,2017/10/6
117,99_Close,吉野,YDN主力商品のLP・広告文のABテストを2商品分実施する,2,2017/10/11,0.6,2017/10/16
117,99_Close,吉野,YDN保留商品に対しての施策を10商品分実施する,2,2017/10/11,1.2,2017/10/12
117,99_Close,吉野,YDN主力商品のLP・広告文のABテストを2商品分実施する,2,2017/10/12,0.6,2017/10/16
117,99_Close,吉野,YDN保留商品に対しての施策を10商品分実施する,2,2017/10/12,1.1,2017/10/13
117,99_Close,吉野,YDN主力商品のLP・広告文のABテストを2商品分実施する,2,2017/10/13,1,2017/10/16
117,99_Close,吉野,YDN保留商品に対しての施策を10商品分実施する,2,2017/10/13,0.8,2017/10/13
117,99_Close,吉野,YDN主力商品のLP・広告文のABテストを3商品分実施する,2,2017/10/17,2.8,2017/10/17
117,99_Close,吉野,YDN主力商品のLP・広告文のABテストを3商品分実施する,2,2017/10/17,1.5,2017/10/18
117,99_Close,吉野,YDN主力商品のLP・広告文のABテストを3商品分実施する,2,2017/10/18,2,2017/10/18
117,01_Open,吉野,YDN主力商品のLP・広告文のABテストを3商品分実施する,2,2017/10/18,,
117,01_Open,吉野,YDN主力商品のLP・広告文のABテストを3商品分実施する,2,2017/10/19,,
117,01_Open,吉野,YDN主力商品のLP・広告文のABテストを3商品分実施する,2,2017/10/19,,
118,01_Open,吉野,【関連】1商品分キーワードの洗い出しを行う,5,2017/10/18,,
118,01_Open,吉野,【関連】洗い出したキーワードをSS・YDN出稿する,2,2017/10/19,,
118,01_Open,吉野,【関連】インプレッションの多いキーワードに対し仮説を構築する,1,2017/10/26,,
118,01_Open,吉野,【関連】1商品分キーワードの洗い出しを行う,5,2017/10/25,,
118,01_Open,吉野,【関連】洗い出したキーワードをSS・YDN出稿する,2,2017/10/26,,
118,01_Open,吉野,【関連】インプレッションの多いキーワードに対し仮説を構築する,1,2017/11/2,,
117,99_Close,吉野,インフィード広告に関して調査,1,2017/10/4,0.7,2017/10/3
117,99_Close,吉野,YDN商品名でインフィード広告を試験的に出稿する,1,2017/10/5,0.8,2017/10/6
118,99_Close,吉野,【関連】商品を選定する,1,2017/10/11,1.4,2017/10/12
54,99_Close,吉野,SS審査落ち広告の整理と再出稿,1,2017/10/4,1.2,2017/10/4
116,99_Close,吉野,YDN商品名追加出稿の計画を建てる,1,2017/10/11,0.6,2017/10/10
116,01_Open,吉野,YDN商品名検索 ジャネット500/997件,5,2017/10/18,3,2017/10/19
116,01_Open,吉野,YDN商品名検索 ジャネット497/997件,5,2017/10/19,4,2017/10/20
116,01_Open,吉野,YDN商品名検索 Link-A600/1734件,6,2017/10/20,,
116,01_Open,吉野,YDN商品名検索 Link-A600/1734件,6,2017/10/21,,
116,01_Open,吉野,YDN商品名検索 Link-A534/1734件,5,2017/10/22,,
116,01_Open,吉野,YDN商品名検索 フェルマ600/1189件,6,2017/10/23,,
116,01_Open,吉野,YDN商品名検索 フェルマ589/1189件,6,2017/10/24,,
52,01_Open,吉野,グーグルトレンドの急上昇ワードを見て、使えるか考える,1,2017/10/17,,
118,99_Close,吉野,マジョリエイトの内容確認,1,2017/10/17,1.5,2017/10/17
118,99_Close,吉野,マジョリエイトの内容確認,1,2017/10/18,1.2,2017/10/18
118,99_Close,吉野,マジョリエイトの内容確認,1,2017/10/19,1,2017/10/19
118,99_Close,吉野,マジョリエイトのやり方をまとめる,1,2017/10/19,1.5,2017/10/19
118,01_Open,吉野,マジョリエイトの年内の予算・計画を建てる,2,2017/10/20,,
12,99_Close,作村,AT商品を5件YDNに出稿する,1.5,2017/9/3,1.5,2017/9/6
12,99_Close,作村,AT商品を5件YDNに出稿する,1.5,2017/9/27,1.5,2017/9/27
12,99_Close,作村,AT商品を5件YDNに出稿する,1.5,2017/9/30,1.5,2017/9/30
12,99_Close,作村,AT商品を5件YDNに出稿する,1.5,2017/9/30,1.5,2017/10/1
12,99_Close,作村,AT商品を5件YDNに出稿する,1.5,2017/9/30,1.5,2017/10/1
12,99_Close,作村,AT商品を5件YDNに出稿する,1.5,2017/9/28,1.5,2017/9/28
12,99_Close,作村,AT商品を5件YDNに出稿する,1.5,2017/9/28,1.5,2017/9/28
12,99_Close,作村,AT商品を5件YDNに出稿する,1.5,2017/9/28,1.5,2017/9/28
12,99_Close,作村,AT商品を5件YDNに出稿する,1.5,2017/9/28,1.5,2017/9/29
12,99_Close,作村,AT商品を5件YDNに出稿する,1.5,2017/9/29,1.5,
12,99_Close,作村,AT商品を5件YDNに出稿する,1.5,2017/9/29,1.5,2017/10/1
12,99_Close,作村,AT商品を5件YDNに出稿する,1.5,2017/9/21,1.5,2017/9/21
12,99_Close,作村,AT商品を5件YDNに出稿する,1.5,2017/9/29,1.5,2017/10/1
77,01_Open,作村,PowerBIを用いて分析３０分以上＆気づくことをまとめる,0.5,2017/10/21,,
78,99_Close,作村,伊藤さんへ発生ベースの収支と確定ベースの収支報告,0.6,2017/9/5,1,2017/9/7
78,99_Close,作村,伊藤さんへ発生ベースの収支と確定ベースの収支報告,0.6,2017/10/1,,
78,99_Close,作村,伊藤さんへ発生ベースの収支と確定ベースの収支報告,0.6,2017/11/1,,
78,99_Close,作村,伊藤さんへ発生ベースの収支と確定ベースの収支報告,0.6,2017/12/1,,
82,99_Close,作村,レントラックスに担当をつけてもらえるよう申請する。,0.5,2017/9/2,0.4,2017/9/6
82,99_Close,作村,afbに担当をつけてもらえるよう申請する。,0.5,2017/9/2,0.4,2017/9/6
12,99_Close,作村,AT商品を5件YDNに出稿する,1.5,2017/9/9,1.5,2017/9/9
12,99_Close,作村,AT商品を5件YDNに出稿する,1.5,2017/9/7,1.5,2017/9/7
13,99_Close,作村,YDN審査落ち広告を2件再出稿する,0.3,2017/8/25,0.3,2017/9/9
13,99_Close,作村,YDN審査落ち広告を2件再出稿する,0.3,2017/8/26,0.3,2017/9/9
13,01_Open,作村,YDN審査落ち広告を2件再出稿する,0.3,2017/10/2,,
13,99_Close,作村,YDN審査落ち広告を2件再出稿する,0.3,2017/9/2,0.5,2017/10/2
13,01_Open,作村,YDN審査落ち広告を2件再出稿する,0.3,2017/9/2,,
13,99_Close,作村,YDN審査落ち広告を2件再出稿する,0.5,2017/8/30,0.2,2017/9/8
13,99_Close,作村,YDN審査落ち広告を2件再出稿する,0.5,2017/8/31,0.2,2017/9/8
95,99_Close,作村,夢叶塾セミナー内容をドライブにあげる。,0.4,2017/9/6,,
91,99_Close,作村,ASPメールチェック,0.1,2017/9/4,0.1,2017/9/4
91,99_Close,作村,ASPメールチェック,0.1,2017/9/5,0.1,2017/9/5
91,99_Close,作村,ASPメールチェック,0.1,2017/9/6,0.1,2017/9/6
91,99_Close,作村,ASPメールチェック,0.1,2017/9/7,0.1,2017/9/7
91,99_Close,作村,ASPメールチェック,0.1,2017/9/8,0.5,2017/9/8
91,99_Close,作村,ASPメールチェック,0.2,2017/9/9,0.2,2017/9/9
91,99_Close,作村,ASPメールチェック,0.2,2017/9/10,0.2,2017/9/10
89,99_Close,作村,伊藤さんへ収支報告,0.2,2017/9/4,,
89,99_Close,作村,伊藤さんへ収支報告,0.2,2017/9/5,,
89,99_Close,作村,伊藤さんへ収支報告,0.2,2017/9/6,,
89,99_Close,作村,伊藤さんへ収支報告,0.2,2017/9/7,,
89,99_Close,作村,伊藤さんへ収支報告,0.2,2017/9/8,0.2,
89,99_Close,作村,伊藤さんへ収支報告,0.2,2017/9/9,,
89,99_Close,作村,伊藤さんへ収支報告,0.2,2017/9/10,0.2,
92,99_Close,作村,入金確認,0.1,2017/9/4,0.1,2017/9/4
92,99_Close,作村,入金確認,0.1,2017/9/5,0.1,2017/9/5
92,99_Close,作村,入金確認,0.1,2017/9/6,0.1,2017/9/6
92,99_Close,作村,入金確認,0.1,2017/9/7,0.1,2017/9/7
92,99_Close,作村,入金確認,0.1,2017/9/8,0.1,2017/9/8
92,99_Close,作村,入金確認,0.1,2017/9/9,0.1,2017/9/9
92,99_Close,作村,入金確認,0.1,2017/9/10,0.1,2017/9/10
109,99_Close,作村,無効クリック確認,0.3,2017/9/4,0.3,2017/9/4
109,99_Close,作村,無効クリック確認,0.3,2017/9/5,0.3,2017/9/5
109,99_Close,作村,無効クリック確認,0.3,2017/9/6,0.3,2017/9/6
109,99_Close,作村,無効クリック確認,0.3,2017/9/7,0.3,2017/9/7
109,99_Close,作村,無効クリック確認,0.3,2017/9/8,0.3,2017/9/8
109,99_Close,作村,無効クリック確認,0.3,2017/9/9,0.3,2017/9/9
109,99_Close,作村,無効クリック確認,0.3,2017/9/10,0.3,2017/9/10
70,99_Close,作村,ミーティング資料作成,0.5,2017/9/9,0.5,2017/9/9
110,99_Close,作村,【週1】レントラックスとOceanの案件終了＆停止確認,1,2017/9/9,1,2017/9/9
90,99_Close,作村,【週1】翌週のタスクをタスク管理表を記入する。,0.5,2017/9/9,0.5,2017/9/9
89,99_Close,作村,伊藤さんへ収支報告,0.2,2017/9/11,0.2,2017/9/11
92,99_Close,作村,入金確認,0.1,2017/9/11,0.1,2017/9/11
109,99_Close,作村,無効クリック確認,0.3,2017/9/11,0.3,2017/9/11
95,99_Close,作村,夢叶塾セミナー参加＆懇親会,8,2017/9/18,8,2017/9/18
13,01_Open,作村,YDN審査落ち広告を5件再出稿する,1,2017/10/11,,
13,01_Open,作村,YDN審査落ち広告を5件再出稿する,1,2017/10/12,,
13,01_Open,作村,YDN審査落ち広告を5件再出稿する,1,2017/10/13,,
13,01_Open,作村,YDN審査落ち広告を5件再出稿する,1,2017/10/14,,
13,01_Open,作村,YDN審査落ち広告を5件再出稿する,1,2017/10/16,,
13,01_Open,作村,YDN審査落ち広告を5件再出稿する,1,2017/10/17,,
13,01_Open,作村,YDN審査落ち広告を5件再出稿する,1,2017/10/18,,
13,01_Open,作村,YDN審査落ち広告を5件再出稿する,1,2017/10/19,,
13,01_Open,作村,YDN審査落ち広告を5件再出稿する,1,2017/10/20,,
13,01_Open,作村,YDN審査落ち広告を5件再出稿する,1,2017/10/21,,
,,,,,,,
,,,,,,,
,,,,,,,
,,,,,,,
,,,,,,,
,,,,,,,
,,,,,,,
,,,,,,,
,,,,,,,
,,,,,,,
,,,,,,,
,,,,,,,
,,,,,,,
,,,,,,,
,,,,,,,
,,,,,,,
,,,,,,,
,,,,,,,
,,,,,,,
,,,,,,,
,,,,,,,
,,,,,,,
,,,,,,,
,,,,,,,
,,,,,,,
,,,,,,,
,,,,,,,
,,,,,,,
,,,,,,,
,,,,,,,
,,,,,,,
,,,,,,,
,,,,,,,
,,,,,,,
,,,,,,,
,,,,,,,
,,,,,,,
,,,,,,,
,,,,,,,
,,,,,,,
,,,,,,,
,,,,,,,
,,,,,,,
,,,,,,,
,,,,,,,
,,,,,,,
,,,,,,,
,,,,,,,
,,,,,,,
,,,,,,,
,,,,,,,
,,,,,,,
,,,,,,,
,,,,,,,
,,,,,,,
,,,,,,,
,,,,,,,
,,,,,,,
,,,,,,,
,,,,,,,
,,,,,,,
,,,,,,,
,,,,,,,
,,,,,,,
,,,,,,,
,,,,,,,
,,,,,,,
,,,,,,,
,,,,,,,
,,,,,,,
,,,,,,,
,,,,,,,
,,,,,,,
,,,,,,,
,,,,,,,
,,,,,,,
,,,,,,,
,,,,,,,
,,,,,,,
,,,,,,,
,,,,,,,
,,,,,,,
,,,,,,,
,,,,,,,
,,,,,,,
,,,,,,,
,,,,,,,
,,,,,,,
,,,,,,,
,,,,,,,
,,,,,,,
,,,,,,,
,,,,,,,
,,,,,,,
,,,,,,,
,,,,,,,
,,,,,,,
,,,,,,,
,,,,,,,
,,,,,,,
,,,,,,,
,,,,,,,
,,,,,,,
,,,,,,,
,,,,,,,
,,,,,,,
,,,,,,,
,,,,,,,
,,,,,,,
,,,,,,,
,,,,,,,
,,,,,,,
,,,,,,,
,,,,,,,
,,,,,,,
,,,,,,,
,,,,,,,
,,,,,,,
,,,,,,,
,,,,,,,
,,,,,,,
,,,,,,,
,,,,,,,
,,,,,,,
,,,,,,,
,,,,,,,
,,,,,,,
,,,,,,,
,,,,,,,
,,,,,,,
,,,,,,,
,,,,,,,
,,,,,,,
,,,,,,,
,,,,,,,
,,,,,,,
,,,,,,,
,,,,,,,
,,,,,,,
,,,,,,,
,,,,,,,
,,,,,,,
,,,,,,,
,,,,,,,
,,,,,,,
,,,,,,,
,,,,,,,
,,,,,,,
,,,,,,,
,,,,,,,
,,,,,,,
,,,,,,,
,,,,,,,
,,,,,,,
,,,,,,,
,,,,,,,
,,,,,,,
,,,,,,,
,,,,,,,
,,,,,,,
,,,,,,,
,,,,,,,
,,,,,,,
,,,,,,,
,,,,,,,
,,,,,,,
,,,,,,,
,,,,,,,
,,,,,,,
,,,,,,,
,,,,,,,
,,,,,,,
,,,,,,,
,,,,,,,
,,,,,,,
,,,,,,,
,,,,,,,
,,,,,,,
,,,,,,,
,,,,,,,
,,,,,,,
,,,,,,,
,,,,,,,
,,,,,,,
,,,,,,,
,,,,,,,
,,,,,,,
,,,,,,,
,,,,,,,
,,,,,,,
,,,,,,,
,,,,,,,
,,,,,,,
,,,,,,,
,,,,,,,
,,,,,,,
,,,,,,,
,,,,,,,
,,,,,,,
,,,,,,,
,,,,,,,
,,,,,,,
,,,,,,,
,,,,,,,
,,,,,,,
,,,,,,,
,,,,,,,
,,,,,,,
,,,,,,,
,,,,,,,
,,,,,,,
,,,,,,,
,,,,,,,
,,,,,,,
,,,,,,,
,,,,,,,
,,,,,,,
,,,,,,,
,,,,,,,
,,,,,,,
,,,,,,,
,,,,,,,
,,,,,,,
,,,,,,,
,,,,,,,
,,,,,,,
,,,,,,,
,,,,,,,
,,,,,,,
,,,,,,,
,,,,,,,
,,,,,,,
,,,,,,,
,,,,,,,
,,,,,,,
,,,,,,,
,,,,,,,
,,,,,,,
,,,,,,,
,,,,,,,
,,,,,,,
,,,,,,,
,,,,,,,
,,,,,,,
,,,,,,,
,,,,,,,
,,,,,,,
,,,,,,,
,,,,,,,
,,,,,,,
,,,,,,,
,,,,,,,
,,,,,,,
,,,,,,,
,,,,,,,
,,,,,,,
,,,,,,,
,,,,,,,
,,,,,,,
,,,,,,,
,,,,,,,
,,,,,,,
,,,,,,,
,,,,,,,
,,,,,,,
,,,,,,,
,,,,,,,
,,,,,,,
,,,,,,,
,,,,,,,
,,,,,,,
,,,,,,,
,,,,,,,
,,,,,,,
,,,,,,,
,,,,,,,
,,,,,,,
,,,,,,,
,,,,,,,
,,,,,,,
,,,,,,,
,,,,,,,
,,,,,,,
,,,,,,,
,,,,,,,
,,,,,,,
,,,,,,,
,,,,,,,
,,,,,,,
,,,,,,,
,,,,,,,
,,,,,,,
,,,,,,,
,,,,,,,
,,,,,,,
,,,,,,,
,,,,,,,
,,,,,,,
,,,,,,,
,,,,,,,
,,,,,,,
,,,,,,,
,,,,,,,
,,,,,,,
,,,,,,,
,,,,,,,
,,,,,,,
,,,,,,,
,,,,,,,
,,,,,,,
,,,,,,,
,,,,,,,
,,,,,,,
,,,,,,,
,,,,,,,
,,,,,,,
,,,,,,,
,,,,,,,
,,,,,,,
,,,,,,,
,,,,,,,
,,,,,,,
,,,,,,,
,,,,,,,
,,,,,,,
,,,,,,,
,,,,,,,
,,,,,,,
,,,,,,,
,,,,,,,
,,,,,,,
,,,,,,,
,,,,,,,
,,,,,,,
,,,,,,,
,,,,,,,
,,,,,,,
,,,,,,,
,,,,,,,
,,,,,,,
,,,,,,,
,,,,,,,
,,,,,,,
,,,,,,,
,,,,,,,
,,,,,,,
,,,,,,,
,,,,,,,
,,,,,,,
,,,,,,,
,,,,,,,
,,,,,,,
,,,,,,,
,,,,,,,
,,,,,,,
,,,,,,,
,,,,,,,
,,,,,,,
,,,,,,,
,,,,,,,
,,,,,,,
,,,,,,,
,,,,,,,
,,,,,,,
,,,,,,,
,,,,,,,
,,,,,,,
,,,,,,,
,,,,,,,
,,,,,,,
,,,,,,,
,,,,,,,
,,,,,,,
,,,,,,,
,,,,,,,
,,,,,,,
,,,,,,,
,,,,,,,
,,,,,,,
,,,,,,,
,,,,,,,
,,,,,,,
,,,,,,,
,,,,,,,
,,,,,,,
,,,,,,,
,,,,,,,
,,,,,,,
,,,,,,,
,,,,,,,
,,,,,,,
,,,,,,,
,,,,,,,
,,,,,,,
,,,,,,,
,,,,,,,
,,,,,,,
,,,,,,,
,,,,,,,
,,,,,,,
,,,,,,,
,,,,,,,
,,,,,,,
,,,,,,,
,,,,,,,
,,,,,,,
,,,,,,,
,,,,,,,
,,,,,,,
,,,,,,,
,,,,,,,
,,,,,,,
,,,,,,,
,,,,,,,
,,,,,,,
,,,,,,,
,,,,,,,
,,,,,,,
,,,,,,,
,,,,,,,
,,,,,,,
,,,,,,,
,,,,,,,
,,,,,,,
,,,,,,,
,,,,,,,
,,,,,,,
,,,,,,,
,,,,,,,
,,,,,,,
,,,,,,,
,,,,,,,
,,,,,,,
,,,,,,,
,,,,,,,
,,,,,,,
,,,,,,,
,,,,,,,
,,,,,,,
,,,,,,,
,,,,,,,
,,,,,,,
,,,,,,,
,,,,,,,
,,,,,,,
,,,,,,,
,,,,,,,
,,,,,,,
,,,,,,,
,,,,,,,
,,,,,,,
,,,,,,,
,,,,,,,
,,,,,,,
,,,,,,,
,,,,,,,
,,,,,,,
,,,,,,,
,,,,,,,
,,,,,,,
,,,,,,,
,,,,,,,
,,,,,,,
,,,,,,,
,,,,,,,
,,,,,,,
,,,,,,,
,,,,,,,
,,,,,,,
,,,,,,,
,,,,,,,
,,,,,,,
,,,,,,,
,,,,,,,
,,,,,,,
,,,,,,,
,,,,,,,
,,,,,,,
,,,,,,,
,,,,,,,
,,,,,,,
,,,,,,,
,,,,,,,
,,,,,,,
,,,,,,,
,,,,,,,
,,,,,,,
,,,,,,,
,,,,,,,
,,,,,,,
,,,,,,,
,,,,,,,
,,,,,,,
,,,,,,,
,,,,,,,
,,,,,,,
,,,,,,,
,,,,,,,
,,,,,,,
,,,,,,,
,,,,,,,
,,,,,,,
,,,,,,,
,,,,,,,
,,,,,,,
,,,,,,,
,,,,,,,
,,,,,,,
,,,,,,,
,,,,,,,
,,,,,,,
,,,,,,,
,,,,,,,
,,,,,,,
,,,,,,,
,,,,,,,
,,,,,,,
,,,,,,,
,,,,,,,
,,,,,,,
,,,,,,,
,,,,,,,
,,,,,,,
,,,,,,,
,,,,,,,
,,,,,,,
,,,,,,,
,,,,,,,
,,,,,,,
,,,,,,,
,,,,,,,
,,,,,,,
,,,,,,,
,,,,,,,
,,,,,,,
,,,,,,,
,,,,,,,
,,,,,,,
,,,,,,,
,,,,,,,
,,,,,,,
,,,,,,,
,,,,,,,
,,,,,,,
,,,,,,,
,,,,,,,
,,,,,,,
,,,,,,,
,,,,,,,
,,,,,,,
,,,,,,,
,,,,,,,
,,,,,,,
,,,,,,,
,,,,,,,
,,,,,,,
,,,,,,,
,,,,,,,
,,,,,,,
,,,,,,,
,,,,,,,
,,,,,,,
,,,,,,,
,,,,,,,
,,,,,,,
,,,,,,,
,,,,,,,
,,,,,,,
,,,,,,,
,,,,,,,
,,,,,,,
,,,,,,,
,,,,,,,
,,,,,,,
,,,,,,,
,,,,,,,
,,,,,,,
,,,,,,,
,,,,,,,
,,,,,,,
,,,,,,,
,,,,,,,
,,,,,,,
,,,,,,,
,,,,,,,
,,,,,,,
,,,,,,,
,,,,,,,
,,,,,,,
,,,,,,,
,,,,,,,
,,,,,,,
,,,,,,,
,,,,,,,
,,,,,,,
,,,,,,,
,,,,,,,
,,,,,,,
,,,,,,,
,,,,,,,
,,,,,,,
,,,,,,,
,,,,,,,
,,,,,,,
,,,,,,,
,,,,,,,
,,,,,,,
,,,,,,,
,,,,,,,
,,,,,,,
,,,,,,,
,,,,,,,
,,,,,,,
,,,,,,,
,,,,,,,
,,,,,,,
,,,,,,,
,,,,,,,
,,,,,,,
,,,,,,,
,,,,,,,
,,,,,,,
,,,,,,,
,,,,,,,
,,,,,,,
,,,,,,,
,,,,,,,
,,,,,,,
,,,,,,,
,,,,,,,
,,,,,,,
,,,,,,,
,,,,,,,
,,,,,,,
,,,,,,,
,,,,,,,
,,,,,,,
,,,,,,,
,,,,,,,
,,,,,,,
,,,,,,,
,,,,,,,
,,,,,,,
,,,,,,,
,,,,,,,
,,,,,,,
,,,,,,,
,,,,,,,
,,,,,,,
,,,,,,,
,,,,,,,
,,,,,,,
,,,,,,,
,,,,,,,
,,,,,,,
,,,,,,,
,,,,,,,
,,,,,,,
,,,,,,,
,,,,,,,
,,,,,,,
,,,,,,,
,,,,,,,
,,,,,,,
,,,,,,,
,,,,,,,
,,,,,,,
,,,,,,,
,,,,,,,
,,,,,,,
,,,,,,,
,,,,,,,
,,,,,,,
,,,,,,,
,,,,,,,
,,,,,,,
,,,,,,,
,,,,,,,
,,,,,,,
,,,,,,,
,,,,,,,
,,,,,,,
,,,,,,,
,,,,,,,
,,,,,,,
,,,,,,,
,,,,,,,
,,,,,,,
,,,,,,,
,,,,,,,
,,,,,,,
,,,,,,,
,,,,,,,
,,,,,,,
,,,,,,,
,,,,,,,
,,,,,,,
,,,,,,,
,,,,,,,
,,,,,,,
,,,,,,,
,,,,,,,
,,,,,,,
,,,,,,,
,,,,,,,
,,,,,,,
,,,,,,,
,,,,,,,
,,,,,,,
,,,,,,,
,,,,,,,
,,,,,,,
,,,,,,,
,,,,,,,
,,,,,,,
,,,,,,,
,,,,,,,
,,,,,,,
,,,,,,,
,,,,,,,
,,,,,,,
,,,,,,,
,,,,,,,
,,,,,,,
,,,,,,,
,,,,,,,
,,,,,,,
,,,,,,,
,,,,,,,
,,,,,,,
,,,,,,,
,,,,,,,
,,,,,,,
,,,,,,,
,,,,,,,
,,,,,,,
,,,,,,,
,,,,,,,
,,,,,,,
,,,,,,,
,,,,,,,
,,,,,,,
,,,,,,,
,,,,,,,
,,,,,,,
,,,,,,,
,,,,,,,
,,,,,,,
,,,,,,,
,,,,,,,
,,,,,,,
,,,,,,,
,,,,,,,
,,,,,,,
,,,,,,,
,,,,,,,
,,,,,,,
,,,,,,,
,,,,,,,
,,,,,,,
,,,,,,,
,,,,,,,
,,,,,,,
,,,,,,,
,,,,,,,
,,,,,,,
,,,,,,,
,,,,,,,
,,,,,,,
,,,,,,,
,,,,,,,
,,,,,,,
,,,,,,,
,,,,,,,
,,,,,,,
,,,,,,,
,,,,,,,
,,,,,,,
,,,,,,,
,,,,,,,
,,,,,,,
,,,,,,,
,,,,,,,
,,,,,,,
,,,,,,,
,,,,,,,
,,,,,,,
,,,,,,,
,,,,,,,
,,,,,,,
,,,,,,,
,,,,,,,
,,,,,,,
,,,,,,,
,,,,,,,
,,,,,,,
,,,,,,,
,,,,,,,
,,,,,,,
,,,,,,,
,,,,,,,
,,,,,,,
,,,,,,,
,,,,,,,
,,,,,,,
,,,,,,,
,,,,,,,
,,,,,,,
,,,,,,,
,,,,,,,
,,,,,,,
,,,,,,,
,,,,,,,
,,,,,,,
,,,,,,,
,,,,,,,
,,,,,,,
,,,,,,,
,,,,,,,
,,,,,,,
,,,,,,,
,,,,,,,
,,,,,,,
,,,,,,,
,,,,,,,
,,,,,,,
,,,,,,,
,,,,,,,
,,,,,,,
,,,,,,,
,,,,,,,
,,,,,,,
,,,,,,,
,,,,,,,
,,,,,,,
,,,,,,,
,,,,,,,
,,,,,,,
,,,,,,,
,,,,,,,
,,,,,,,
,,,,,,,
,,,,,,,
,,,,,,,
,,,,,,,
,,,,,,,
,,,,,,,
,,,,,,,
,,,,,,,
,,,,,,,
,,,,,,,
,,,,,,,
,,,,,,,
,,,,,,,
,,,,,,,
,,,,,,,
,,,,,,,
,,,,,,,
,,,,,,,
,,,,,,,
,,,,,,,
,,,,,,,
,,,,,,,
,,,,,,,
,,,,,,,
,,,,,,,
,,,,,,,
,,,,,,,
,,,,,,,
,,,,,,,
,,,,,,,
,,,,,,,
,,,,,,,
,,,,,,,
,,,,,,,
,,,,,,,
,,,,,,,
,,,,,,,
,,,,,,,
,,,,,,,
,,,,,,,
,,,,,,,
,,,,,,,
,,,,,,,
,,,,,,,
,,,,,,,
,,,,,,,
,,,,,,,
,,,,,,,
,,,,,,,
,,,,,,,
,,,,,,,
,,,,,,,
,,,,,,,
,,,,,,,
,,,,,,,
,,,,,,,
,,,,,,,
,,,,,,,
,,,,,,,
,,,,,,,
,,,,,,,
,,,,,,,
,,,,,,,
,,,,,,,
,,,,,,,
,,,,,,,
,,,,,,,
,,,,,,,
,,,,,,,
,,,,,,,
,,,,,,,
,,,,,,,
,,,,,,,
,,,,,,,
,,,,,,,
,,,,,,,
,,,,,,,
,,,,,,,
,,,,,,,
,,,,,,,
,,,,,,,
,,,,,,,
,,,,,,,
,,浅,,,,,
,,浅,,,,,
,,浅,,,,,
,,浅,,,,,
,,浅,,,,,
,,浅,,,,,
,,浅,,,,,
,,浅,,,,,
,,浅,,,,,
,,浅,,,,,
,,浅,,,,,
,,浅,,,,,
,,浅,,,,,
,,浅,,,,,
,,浅,,,,,
,,浅,,,,,
,,浅,,,,,
,,浅,,,,,
,,浅,,,,,
,,浅,,,,,
,,浅,,,,,
,,浅,,,,,
,,浅,,,,,
,,浅,,,,,
,,浅,,,,,
,,浅,,,,,
,,浅,,,,,
,,浅,,,,,
,,浅,,,,,
,,浅,,,,,
,,浅,,,,,
,,浅,,,,,
,,浅,,,,,
,,浅,,,,,
,,浅,,,,,
,,浅,,,,,
,,浅,,,,,
,,浅,,,,,
,,浅,,,,,
,,浅,,,,,
,,浅,,,,,
,,浅,,,,,
,,浅,,,,,
,,浅,,,,,
,,浅,,,,,
,,浅,,,,,
,,浅,,,,,
,,浅,,,,,
,,浅,,,,,
,,浅,,,,,
,,浅,,,,,
,,浅,,,,,
,,浅,,,,,
,,浅,,,,,
,,浅,,,,,
,,浅,,,,,
,,浅,,,,,
,,浅,,,,,
,,浅,,,,,
,,浅,,,,,
,,浅,,,,,
,,浅,,,,,
,,浅,,,,,
,,浅,,,,,
,,浅,,,,,
,,浅,,,,,
,,浅,,,,,
,,浅,,,,,
,,浅,,,,,
,,浅,,,,,
,,浅,,,,,
,,浅,,,,,
,,浅,,,,,
,,浅,,,,,
,,浅,,,,,
,,浅,,,,,
,,浅,,,,,
,,浅,,,,,
,,浅,,,,,
,,浅,,,,,
,,浅,,,,,
,,浅,,,,,
,,浅,,,,,
,,浅,,,,,
,,浅,,,,,
,,浅,,,,,
,,浅,,,,,
,,浅,,,,,
,,浅,,,,,
,,浅,,,,,
,,浅,,,,,
,,浅,,,,,
,,浅,,,,,
,,浅,,,,,
,,浅,,,,,
,,浅,,,,,
,,浅,,,,,
,,浅,,,,,
,,浅,,,,,
,,浅,,,,,
,,浅,,,,,
,,浅,,,,,
,,浅,,,,,
,,浅,,,,,
,,浅,,,,,
,,浅,,,,,
,,浅,,,,,
,,浅,,,,,
,,浅,,,,,
,,浅,,,,,
,,浅,,,,,
,,浅,,,,,
,,浅,,,,,
,,浅,,,,,
,,浅,,,,,
,,浅,,,,,
,,浅,,,,,
,,浅,,,,,
,,浅,,,,,
,,浅,,,,,
,,浅,,,,,
,,浅,,,,,
,,浅,,,,,
,,浅,,,,,
,,浅,,,,,
,,浅,,,,,
,,浅,,,,,
,,浅,,,,,
,,浅,,,,,
,,浅,,,,,
,,浅,,,,,
,,浅,,,,,
,,浅,,,,,
,,浅,,,,,
,,浅,,,,,
,,浅,,,,,
,,浅,,,,,
,,浅,,,,,
,,浅,,,,,
,,浅,,,,,
,,浅,,,,,
,,浅,,,,,
,,浅,,,,,
,,浅,,,,,
,,浅,,,,,
,,浅,,,,,
,,浅,,,,,
,,浅,,,,,
,,浅,,,,,
,,浅,,,,,
,,浅,,,,,
,,浅,,,,,
,,浅,,,,,
,,浅,,,,,
,,浅,,,,,
,,浅,,,,,
,,浅,,,,,
,,浅,,,,,
,,浅,,,,,
,,浅,,,,,
,,浅,,,,,
,,浅,,,,,
,,浅,,,,,
,,浅,,,,,
,,浅,,,,,
,,浅,,,,,
,,浅,,,,,
,,浅,,,,,
,,浅,,,,,
,,浅,,,,,
,,浅,,,,,
,,浅,,,,,
,,浅,,,,,
,,浅,,,,,
,,浅,,,,,
,,浅,,,,,
,,浅,,,,,
,,浅,,,,,
,,浅,,,,,
,,浅,,,,,
,,浅,,,,,
,,浅,,,,,
,,浅,,,,,
,,浅,,,,,
,,浅,,,,,
,,浅,,,,,
,,浅,,,,,
,,浅,,,,,
,,浅,,,,,
,,浅,,,,,
,,浅,,,,,
,,浅,,,,,
,,浅,,,,,
,,浅,,,,,
,,浅,,,,,
,,浅,,,,,
,,浅,,,,,
,,浅,,,,,
,,浅,,,,,
,,浅,,,,,
,,浅,,,,,
,,浅,,,,,
,,浅,,,,,
,,浅,,,,,
,,浅,,,,,
,,浅,,,,,
,,浅,,,,,
,,浅,,,,,
,,浅,,,,,
,,浅,,,,,
,,浅,,,,,
,,浅,,,,,
,,浅,,,,,
,,浅,,,,,
,,浅,,,,,
,,浅,,,,,
,,浅,,,,,
,,浅,,,,,
,,浅,,,,,
,,浅,,,,,
,,浅,,,,,
,,浅,,,,,
,,浅,,,,,
,,浅,,,,,
,,浅,,,,,
,,浅,,,,,
,,浅,,,,,
,,浅,,,,,
,,浅,,,,,
,,浅,,,,,
,,浅,,,,,
,,浅,,,,,
,,浅,,,,,
,,浅,,,,,
,,浅,,,,,
,,浅,,,,,
,,浅,,,,,
,,浅,,,,,
,,浅,,,,,
,,浅,,,,,
,,浅,,,,,
,,浅,,,,,
,,浅,,,,,
,,浅,,,,,
,,浅,,,,,
,,浅,,,,,
,,浅,,,,,
,,浅,,,,,
,,浅,,,,,
,,浅,,,,,
,,浅,,,,,
,,浅,,,,,
,,浅,,,,,
,,浅,,,,,
,,浅,,,,,
,,浅,,,,,
,,浅,,,,,
,,浅,,,,,
,,浅,,,,,
,,浅,,,,,
,,浅,,,,,
,,浅,,,,,
,,浅,,,,,
,,浅,,,,,
,,浅,,,,,
,,浅,,,,,
,,浅,,,,,
,,浅,,,,,
,,浅,,,,,
,,浅,,,,,
,,浅,,,,,
,,浅,,,,,
,,浅,,,,,
,,浅,,,,,
,,浅,,,,,
,,浅,,,,,
,,浅,,,,,
,,浅,,,,,
,,浅,,,,,
,,浅,,,,,
,,浅,,,,,
,,浅,,,,,
,,浅,,,,,
,,浅,,,,,
,,浅,,,,,
,,浅,,,,,
,,浅,,,,,
,,浅,,,,,
,,浅,,,,,
,,浅,,,,,
,,浅,,,,,
,,浅,,,,,
,,浅,,,,,
,,浅,,,,,
,,浅,,,,,
,,浅,,,,,
,,浅,,,,,
,,浅,,,,,
,,浅,,,,,
,,浅,,,,,
,,浅,,,,,
,,浅,,,,,
,,浅,,,,,
,,浅,,,,,
,,浅,,,,,
,,浅,,,,,
,,浅,,,,,
,,浅,,,,,
,,浅,,,,,
,,浅,,,,,
,,浅,,,,,
,,浅,,,,,
,,浅,,,,,
,,浅,,,,,
,,浅,,,,,
,,浅,,,,,
,,浅,,,,,
,,浅,,,,,
,,浅,,,,,
,,浅,,,,,
,,浅,,,,,
,,浅,,,,,
,,浅,,,,,
,,浅,,,,,
,,浅,,,,,
,,浅,,,,,
,,浅,,,,,
,,浅,,,,,
,,浅,,,,,
,,浅,,,,,
,,浅,,,,,
,,浅,,,,,
,,浅,,,,,
,,浅,,,,,
,,浅,,,,,
,,浅,,,,,
,,浅,,,,,
,,浅,,,,,
,,浅,,,,,
,,浅,,,,,
,,浅,,,,,
,,浅,,,,,
,,浅,,,,,
,,浅,,,,,
,,浅,,,,,
,,浅,,,,,
,,浅,,,,,
,,浅,,,,,
,,浅,,,,,
,,浅,,,,,
,,浅,,,,,
,,浅,,,,,
,,浅,,,,,
,,浅,,,,,
,,浅,,,,,
,,浅,,,,,
,,浅,,,,,
,,浅,,,,,
,,浅,,,,,
,,浅,,,,,
,,浅,,,,,
,,浅,,,,,
,,浅,,,,,
,,浅,,,,,
,,浅,,,,,
,,浅,,,,,
,,浅,,,,,
,,浅,,,,,
,,浅,,,,,
,,浅,,,,,
,,浅,,,,,
,,浅,,,,,
,,浅,,,,,
,,浅,,,,,
,,浅,,,,,
,,浅,,,,,
,,浅,,,,,
,,浅,,,,,
,,浅,,,,,
,,浅,,,,,
,,浅,,,,,
,,浅,,,,,
,,浅,,,,,
,,浅,,,,,
,,浅,,,,,
,,浅,,,,,
,,浅,,,,,
,,浅,,,,,
,,浅,,,,,
,,浅,,,,,
,,浅,,,,,
,,浅,,,,,
,,浅,,,,,
,,浅,,,,,
,,浅,,,,,
,,浅,,,,,
,,浅,,,,,
,,浅,,,,,
,,浅,,,,,
,,浅,,,,,
,,浅,,,,,
,,浅,,,,,
,,浅,,,,,
,,浅,,,,,
,,浅,,,,,
,,浅,,,,,
,,浅,,,,,
,,浅,,,,,
,,浅,,,,,
,,浅,,,,,
,,浅,,,,,
,,浅,,,,,
,,浅,,,,,
,,浅,,,,,
,,浅,,,,,
,,浅,,,,,
,,浅,,,,,
,,浅,,,,,
,,浅,,,,,
,,浅,,,,,
,,浅,,,,,
,,浅,,,,,
,,浅,,,,,
,,浅,,,,,
,,浅,,,,,
,,浅,,,,,
,,浅,,,,,
,,浅,,,,,
,,浅,,,,,
,,浅,,,,,
,,浅,,,,,
,,浅,,,,,
,,浅,,,,,
,,浅,,,,,
,,浅,,,,,
,,浅,,,,,
,,浅,,,,,
,,浅,,,,,
,,浅,,,,,
,,浅,,,,,
,,浅,,,,,
,,浅,,,,,
,,浅,,,,,
,,浅,,,,,
,,浅,,,,,
,,浅,,,,,
,,浅,,,,,
,,浅,,,,,
,,浅,,,,,
,,浅,,,,,
,,浅,,,,,
,,浅,,,,,
,,浅,,,,,
,,浅,,,,,
,,浅,,,,,
,,浅,,,,,
,,浅,,,,,
,,浅,,,,,
,,浅,,,,,
,,浅,,,,,
,,浅,,,,,
,,浅,,,,,
,,浅,,,,,
,,浅,,,,,
,,浅,,,,,
,,浅,,,,,
,,浅,,,,,
,,浅,,,,,
,,浅,,,,,
,,浅,,,,,
,,浅,,,,,
,,浅,,,,,
,,浅,,,,,
,,浅,,,,,
,,浅,,,,,
,,浅,,,,,
,,浅,,,,,
,,浅,,,,,
,,浅,,,,,
,,浅,,,,,
,,浅,,,,,
,,浅,,,,,
,,浅,,,,,
,,浅,,,,,
,,浅,,,,,
,,浅,,,,,
,,浅,,,,,
,,浅,,,,,
,,浅,,,,,
,,浅,,,,,
,,浅,,,,,
,,浅,,,,,
,,浅,,,,,
,,浅,,,,,
,,浅,,,,,
,,浅,,,,,
,,浅,,,,,
,,浅,,,,,
,,浅,,,,,
,,浅,,,,,
,,浅,,,,,
,,浅,,,,,
,,浅,,,,,
,,浅,,,,,
,,浅,,,,,
,,浅,,,,,
,,浅,,,,,
,,浅,,,,,
,,浅,,,,,
,,浅,,,,,
,,浅,,,,,
,,浅,,,,,
,,浅,,,,,
,,浅,,,,,
,,浅,,,,,
,,浅,,,,,
,,浅,,,,,
,,浅,,,,,
,,浅,,,,,
,,浅,,,,,
,,浅,,,,,
,,浅,,,,,
,,浅,,,,,
,,浅,,,,,
,,浅,,,,,
,,浅,,,,,
,,浅,,,,,
,,浅,,,,,
,,浅,,,,,
,,浅,,,,,
,,浅,,,,,
,,浅,,,,,
,,浅,,,,,
,,浅,,,,,
,,浅,,,,,
,,浅,,,,,
,,浅,,,,,
,,浅,,,,,
,,浅,,,,,
,,浅,,,,,
,,浅,,,,,
,,浅,,,,,
,,浅,,,,,
,,浅,,,,,
,,浅,,,,,
,,浅,,,,,
,,浅,,,,,
,,浅,,,,,
,,浅,,,,,
,,浅,,,,,
,,浅,,,,,
,,浅,,,,,
,,浅,,,,,
,,浅,,,,,
,,浅,,,,,
,,浅,,,,,
,,浅,,,,,
,,浅,,,,,
,,浅,,,,,
,,浅,,,,,
,,浅,,,,,
,,浅,,,,,
,,浅,,,,,
,,浅,,,,,
,,浅,,,,,
,,浅,,,,,
,,浅,,,,,
,,浅,,,,,
,,浅,,,,,
,,浅,,,,,
,,浅,,,,,
,,浅,,,,,
,,浅,,,,,
,,浅,,,,,
,,浅,,,,,
,,浅,,,,,
,,浅,,,,,
,,浅,,,,,
,,浅,,,,,
,,浅,,,,,
,,浅,,,,,
,,浅,,,,,
,,浅,,,,,
,,浅,,,,,
,,浅,,,,,
,,浅,,,,,
,,浅,,,,,
,,浅,,,,,
,,浅,,,,,
,,浅,,,,,
,,浅,,,,,
,,浅,,,,,
,,浅,,,,,
,,浅,,,,,
,,浅,,,,,
,,浅,,,,,
,,浅,,,,,
,,浅,,,,,
,,浅,,,,,
,,浅,,,,,
,,浅,,,,,
,,浅,,,,,
,,浅,,,,,
,,浅,,,,,
,,浅,,,,,
,,浅,,,,,
,,浅,,,,,
,,浅,,,,,
,,浅,,,,,
,,浅,,,,,
,,浅,,,,,
,,浅,,,,,
,,浅,,,,,
,,浅,,,,,
,,浅,,,,,
,,浅,,,,,
,,浅,,,,,
,,浅,,,,,
,,浅,,,,,
,,浅,,,,,
,,浅,,,,,
,,浅,,,,,
,,浅,,,,,
,,浅,,,,,
,,浅,,,,,
,,浅,,,,,
,,浅,,,,,
,,浅,,,,,
,,浅,,,,,
,,浅,,,,,
,,浅,,,,,
,,浅,,,,,
,,浅,,,,,
,,浅,,,,,
,,浅,,,,,
,,浅,,,,,
,,浅,,,,,
,,浅,,,,,
,,浅,,,,,
,,浅,,,,,
,,浅,,,,,
,,浅,,,,,
,,浅,,,,,
,,浅,,,,,
,,浅,,,,,
,,浅,,,,,
,,浅,,,,,
,,浅,,,,,
,,浅,,,,,
,,浅,,,,,
,,浅,,,,,
,,浅,,,,,
,,浅,,,,,
,,浅,,,,,
,,浅,,,,,
,,浅,,,,,
,,浅,,,,,
,,浅,,,,,
,,浅,,,,,
,,浅,,,,,
,,浅,,,,,
,,浅,,,,,
,,浅,,,,,
,,浅,,,,,
,,浅,,,,,
,,浅,,,,,
,,浅,,,,,
,,浅,,,,,
,,浅,,,,,
,,浅,,,,,
,,浅,,,,,
,,浅,,,,,
,,浅,,,,,
,,浅,,,,,
,,浅,,,,,
,,浅,,,,,
,,浅,,,,,
,,浅,,,,,
,,浅,,,,,
,,浅,,,,,
,,浅,,,,,
,,浅,,,,,
,,浅,,,,,
,,浅,,,,,
,,浅,,,,,
,,浅,,,,,
,,浅,,,,,
,,浅,,,,,
,,浅,,,,,
,,浅,,,,,
,,浅,,,,,
,,浅,,,,,
,,浅,,,,,
,,浅,,,,,
,,浅,,,,,
,,浅,,,,,
,,浅,,,,,
,,浅,,,,,
,,浅,,,,,
,,浅,,,,,
,,浅,,,,,
,,浅,,,,,
,,浅,,,,,
,,浅,,,,,
,,浅,,,,,
,,浅,,,,,
,,浅,,,,,
,,浅,,,,,
,,浅,,,,,
,,浅,,,,,
,,浅,,,,,
,,浅,,,,,
,,浅,,,,,
,,浅,,,,,
,,浅,,,,,
,,浅,,,,,
,,浅,,,,,
,,浅,,,,,
,,浅,,,,,
,,浅,,,,,
,,浅,,,,,
,,浅,,,,,
,,浅,,,,,
,,浅,,,,,
,,浅,,,,,
,,浅,,,,,
,,浅,,,,,
,,浅,,,,,
,,浅,,,,,
,,浅,,,,,
,,浅,,,,,
,,浅,,,,,
,,浅,,,,,
,,浅,,,,,
,,浅,,,,,
,,浅,,,,,
,,浅,,,,,
,,浅,,,,,
,,浅,,,,,
,,浅,,,,,
,,浅,,,,,
,,浅,,,,,
,,浅,,,,,
,,浅,,,,,
,,浅,,,,,
,,浅,,,,,
,,浅,,,,,
,,浅,,,,,
,,浅,,,,,
,,浅,,,,,
,,浅,,,,,
,,浅,,,,,
,,浅,,,,,
,,浅,,,,,
,,浅,,,,,
,,浅,,,,,
,,浅,,,,,
,,浅,,,,,
,,浅,,,,,
,,浅,,,,,
,,浅,,,,,
,,浅,,,,,
,,浅,,,,,
,,浅,,,,,
,,浅,,,,,
,,浅,,,,,
,,浅,,,,,
,,浅,,,,,
,,浅,,,,,
,,浅,,,,,
,,浅,,,,,
,,浅,,,,,
,,浅,,,,,
,,浅,,,,,
,,浅,,,,,
,,浅,,,,,
,,浅,,,,,
,,浅,,,,,
,,浅,,,,,
,,浅,,,,,
,,浅,,,,,
,,浅,,,,,
,,浅,,,,,
,,浅,,,,,
,,浅,,,,,
,,浅,,,,,
,,浅,,,,,
,,浅,,,,,
,,浅,,,,,
,,浅,,,,,
,,浅,,,,,
,,浅,,,,,
,,浅,,,,,
,,浅,,,,,
,,浅,,,,,
,,浅,,,,,
,,浅,,,,,
,,浅,,,,,
,,浅,,,,,
,,浅,,,,,
,,浅,,,,,
,,浅,,,,,
,,浅,,,,,
,,浅,,,,,
,,浅,,,,,
,,浅,,,,,
,,浅,,,,,
,,浅,,,,,
,,浅,,,,,
,,浅,,,,,
,,浅,,,,,
,,浅,,,,,
,,浅,,,,,
,,浅,,,,,
,,浅,,,,,
,,浅,,,,,
,,浅,,,,,
,,浅,,,,,
,,浅,,,,,
,,浅,,,,,
,,浅,,,,,
,,浅,,,,,
,,浅,,,,,
,,浅,,,,,
,,浅,,,,,
,,浅,,,,,
,,浅,,,,,
,,浅,,,,,
,,浅,,,,,
,,浅,,,,,
,,浅,,,,,
,,浅,,,,,
,,浅,,,,,
,,浅,,,,,
,,浅,,,,,
,,浅,,,,,
,,浅,,,,,
,,浅,,,,,
,,浅,,,,,
,,浅,,,,,
,,浅,,,,,
,,浅,,,,,
,,浅,,,,,
,,浅,,,,,
,,浅,,,,,
,,浅,,,,,
,,浅,,,,,
,,浅,,,,,
,,浅,,,,,
,,浅,,,,,
,,浅,,,,,
,,浅,,,,,
,,浅,,,,,
,,浅,,,,,
,,浅,,,,,
,,浅,,,,,
,,浅,,,,,
,,浅,,,,,
,,浅,,,,,
,,浅,,,,,
,,浅,,,,,
,,浅,,,,,
,,浅,,,,,
,,浅,,,,,
,,浅,,,,,
,,浅,,,,,
,,浅,,,,,
,,浅,,,,,
,,浅,,,,,
,,浅,,,,,
,,浅,,,,,
,,浅,,,,,
,,浅,,,,,
,,浅,,,,,
,,浅,,,,,
,,浅,,,,,
,,浅,,,,,
,,浅,,,,,
,,浅,,,,,
,,浅,,,,,
,,浅,,,,,
,,浅,,,,,
,,浅,,,,,
,,浅,,,,,
,,浅,,,,,
,,浅,,,,,
,,浅,,,,,
,,浅,,,,,
,,浅,,,,,
,,浅,,,,,
,,浅,,,,,
,,浅,,,,,
,,浅,,,,,
,,浅,,,,,
,,浅,,,,,
,,浅,,,,,
,,浅,,,,,
,,浅,,,,,
,,浅,,,,,
,,浅,,,,,
,,浅,,,,,
,,浅,,,,,
,,浅,,,,,
,,浅,,,,,
,,浅,,,,,
,,浅,,,,,
,,浅,,,,,
,,浅,,,,,
,,浅,,,,,
,,浅,,,,,
,,浅,,,,,
,,浅,,,,,
,,浅,,,,,
,,浅,,,,,
,,浅,,,,,
,,浅,,,,,
,,浅,,,,,
,,浅,,,,,
,,浅,,,,,
,,浅,,,,,
,,浅,,,,,
,,浅,,,,,
,,浅,,,,,
,,浅,,,,,
,,浅,,,,,
,,浅,,,,,
,,浅,,,,,
,,浅,,,,,
,,浅,,,,,
,,浅,,,,,
,,浅,,,,,
,,浅,,,,,
,,浅,,,,,
,,浅,,,,,
,,浅,,,,,
,,浅,,,,,
,,浅,,,,,
,,浅,,,,,
,,浅,,,,,
,,浅,,,,,
,,浅,,,,,
,,浅,,,,,
,,浅,,,,,
,,浅,,,,,
,,浅,,,,,
,,浅,,,,,
,,浅,,,,,
,,浅,,,,,
,,浅,,,,,
,,浅,,,,,
,,浅,,,,,
,,浅,,,,,
,,浅,,,,,
,,浅,,,,,
,,浅,,,,,
,,浅,,,,,
,,浅,,,,,
,,浅,,,,,
,,浅,,,,,
,,浅,,,,,
,,浅,,,,,
,,浅,,,,,
,,浅,,,,,
,,浅,,,,,
,,吉野,,,,,
,,吉野,,,,,
,,吉野,,,,,
,,吉野,,,,,
,,吉野,,,,,
,,吉野,,,,,
,,吉野,,,,,
,,吉野,,,,,
,,吉野,,,,,
,,吉野,,,,,
,,吉野,,,,,
,,吉野,,,,,
,,吉野,,,,,
,,吉野,,,,,
,,吉野,,,,,
,,吉野,,,,,
,,吉野,,,,,
,,吉野,,,,,
,,吉野,,,,,
,,吉野,,,,,
,,吉野,,,,,
,,吉野,,,,,
,,吉野,,,,,
,,吉野,,,,,
,,吉野,,,,,
,,吉野,,,,,
,,吉野,,,,,
,,吉野,,,,,
,,吉野,,,,,
,,吉野,,,,,
,,吉野,,,,,
,,吉野,,,,,
,,吉野,,,,,
,,吉野,,,,,
,,吉野,,,,,
,,吉野,,,,,
,,吉野,,,,,
,,吉野,,,,,
,,吉野,,,,,
,,吉野,,,,,
,,吉野,,,,,
,,吉野,,,,,
,,吉野,,,,,
,,吉野,,,,,
,,吉野,,,,,
,,吉野,,,,,
,,吉野,,,,,
,,吉野,,,,,
,,吉野,,,,,
,,吉野,,,,,
,,吉野,,,,,
,,吉野,,,,,
,,吉野,,,,,
,,吉野,,,,,
,,吉野,,,,,
,,吉野,,,,,
,,吉野,,,,,
,,吉野,,,,,
,,吉野,,,,,
,,吉野,,,,,
,,吉野,,,,,
,,吉野,,,,,
,,吉野,,,,,
,,吉野,,,,,
,,吉野,,,,,
,,吉野,,,,,
,,吉野,,,,,
,,吉野,,,,,
,,吉野,,,,,
,,吉野,,,,,
,,吉野,,,,,
,,吉野,,,,,
,,吉野,,,,,
,,吉野,,,,,
,,吉野,,,,,
,,吉野,,,,,
,,吉野,,,,,
,,吉野,,,,,
,,吉野,,,,,
,,吉野,,,,,
,,吉野,,,,,
,,吉野,,,,,
,,吉野,,,,,
,,吉野,,,,,
,,吉野,,,,,
,,吉野,,,,,
,,吉野,,,,,
,,吉野,,,,,
,,吉野,,,,,
,,吉野,,,,,
,,吉野,,,,,
,,吉野,,,,,
,,吉野,,,,,
,,吉野,,,,,
,,吉野,,,,,
,,吉野,,,,,
,,吉野,,,,,
,,吉野,,,,,
,,吉野,,,,,
,,吉野,,,,,
,,吉野,,,,,
,,吉野,,,,,
,,吉野,,,,,
,,吉野,,,,,
,,吉野,,,,,
,,吉野,,,,,
,,吉野,,,,,
,,吉野,,,,,
,,吉野,,,,,
,,吉野,,,,,
,,吉野,,,,,
,,吉野,,,,,
,,吉野,,,,,
,,吉野,,,,,
,,吉野,,,,,
,,吉野,,,,,
,,吉野,,,,,
,,吉野,,,,,
,,吉野,,,,,
,,吉野,,,,,
,,吉野,,,,,
,,吉野,,,,,
,,吉野,,,,,
,,吉野,,,,,
,,吉野,,,,,
,,吉野,,,,,
,,吉野,,,,,
,,吉野,,,,,
,,吉野,,,,,
,,吉野,,,,,
,,吉野,,,,,
,,吉野,,,,,
,,吉野,,,,,
,,吉野,,,,,
,,吉野,,,,,
,,吉野,,,,,
,,吉野,,,,,
,,吉野,,,,,
,,吉野,,,,,
,,吉野,,,,,
,,吉野,,,,,
,,吉野,,,,,
,,吉野,,,,,
,,吉野,,,,,
,,吉野,,,,,
,,吉野,,,,,
,,吉野,,,,,
,,吉野,,,,,
,,吉野,,,,,
,,吉野,,,,,
,,吉野,,,,,
,,吉野,,,,,
,,吉野,,,,,
,,吉野,,,,,
,,吉野,,,,,
,,吉野,,,,,
,,吉野,,,,,
,,吉野,,,,,
,,吉野,,,,,
,,吉野,,,,,
,,吉野,,,,,
,,吉野,,,,,
,,吉野,,,,,
,,吉野,,,,,
,,吉野,,,,,
,,吉野,,,,,
,,吉野,,,,,
,,吉野,,,,,
,,吉野,,,,,
,,吉野,,,,,
,,吉野,,,,,
,,吉野,,,,,
,,吉野,,,,,
,,吉野,,,,,
,,吉野,,,,,
,,吉野,,,,,
,,吉野,,,,,
,,吉野,,,,,
,,吉野,,,,,
,,吉野,,,,,
,,吉野,,,,,
,,吉野,,,,,
,,吉野,,,,,
,,吉野,,,,,
,,吉野,,,,,
,,吉野,,,,,
,,吉野,,,,,
,,吉野,,,,,
,,吉野,,,,,
,,吉野,,,,,
,,吉野,,,,,
,,吉野,,,,,
,,吉野,,,,,
,,吉野,,,,,
,,吉野,,,,,
,,吉野,,,,,
,,吉野,,,,,
,,吉野,,,,,
,,吉野,,,,,
,,吉野,,,,,
,,吉野,,,,,
,,吉野,,,,,
,,吉野,,,,,
,,吉野,,,,,
,,吉野,,,,,
,,吉野,,,,,
,,吉野,,,,,
,,吉野,,,,,
,,吉野,,,,,
,,吉野,,,,,
,,吉野,,,,,
,,吉野,,,,,
,,吉野,,,,,
,,吉野,,,,,
,,吉野,,,,,
,,吉野,,,,,
,,吉野,,,,,
,,吉野,,,,,
,,吉野,,,,,
,,吉野,,,,,
,,吉野,,,,,
,,吉野,,,,,
,,吉野,,,,,
,,吉野,,,,,
,,吉野,,,,,
,,吉野,,,,,
,,吉野,,,,,
,,吉野,,,,,
,,吉野,,,,,
,,吉野,,,,,
,,吉野,,,,,
,,吉野,,,,,
,,吉野,,,,,
,,吉野,,,,,
,,吉野,,,,,
,,吉野,,,,,
,,吉野,,,,,
,,吉野,,,,,
,,吉野,,,,,
,,吉野,,,,,
,,吉野,,,,,
,,吉野,,,,,
,,吉野,,,,,
,,吉野,,,,,
,,吉野,,,,,
,,吉野,,,,,
,,吉野,,,,,
,,吉野,,,,,
,,吉野,,,,,
,,吉野,,,,,
,,吉野,,,,,
,,吉野,,,,,
,,吉野,,,,,
,,吉野,,,,,
,,吉野,,,,,
,,吉野,,,,,
,,吉野,,,,,
,,吉野,,,,,
,,吉野,,,,,
,,吉野,,,,,
,,吉野,,,,,
,,吉野,,,,,
,,吉野,,,,,
,,吉野,,,,,
,,吉野,,,,,
,,吉野,,,,,
,,吉野,,,,,
,,吉野,,,,,
,,吉野,,,,,
,,吉野,,,,,
,,吉野,,,,,
,,吉野,,,,,
,,吉野,,,,,
,,吉野,,,,,
,,吉野,,,,,
,,吉野,,,,,
,,吉野,,,,,
,,吉野,,,,,
,,吉野,,,,,
,,吉野,,,,,
,,吉野,,,,,
,,吉野,,,,,
,,吉野,,,,,
,,吉野,,,,,
,,吉野,,,,,
,,吉野,,,,,
,,吉野,,,,,
,,吉野,,,,,
,,吉野,,,,,
,,吉野,,,,,
,,吉野,,,,,
,,吉野,,,,,
,,吉野,,,,,
,,吉野,,,,,
,,吉野,,,,,
,,吉野,,,,,
,,吉野,,,,,
,,吉野,,,,,
,,吉野,,,,,
,,吉野,,,,,
,,吉野,,,,,
,,吉野,,,,,
,,吉野,,,,,
,,吉野,,,,,
,,吉野,,,,,
,,吉野,,,,,
,,吉野,,,,,
,,吉野,,,,,
,,吉野,,,,,
,,吉野,,,,,
,,吉野,,,,,
,,吉野,,,,,
,,吉野,,,,,
,,吉野,,,,,
,,吉野,,,,,
,,吉野,,,,,
,,吉野,,,,,
,,吉野,,,,,
,,吉野,,,,,
,,吉野,,,,,
,,吉野,,,,,
,,吉野,,,,,
,,吉野,,,,,
,,吉野,,,,,
,,吉野,,,,,
,,吉野,,,,,
,,吉野,,,,,
,,吉野,,,,,
,,吉野,,,,,
,,吉野,,,,,
,,吉野,,,,,
,,吉野,,,,,
,,吉野,,,,,
,,吉野,,,,,
,,吉野,,,,,
,,吉野,,,,,
,,吉野,,,,,
,,吉野,,,,,
,,吉野,,,,,
,,吉野,,,,,
,,吉野,,,,,
,,吉野,,,,,
,,吉野,,,,,
,,吉野,,,,,
,,吉野,,,,,
,,吉野,,,,,
,,吉野,,,,,
,,吉野,,,,,
,,吉野,,,,,
,,吉野,,,,,
,,吉野,,,,,
,,吉野,,,,,
,,吉野,,,,,
,,吉野,,,,,
,,吉野,,,,,
,,吉野,,,,,
,,吉野,,,,,
,,吉野,,,,,
,,吉野,,,,,
,,吉野,,,,,
,,吉野,,,,,
,,吉野,,,,,
,,吉野,,,,,
,,吉野,,,,,
,,吉野,,,,,
,,吉野,,,,,
,,吉野,,,,,
,,吉野,,,,,
,,吉野,,,,,
,,吉野,,,,,
,,吉野,,,,,
,,吉野,,,,,
,,吉野,,,,,
,,吉野,,,,,
,,吉野,,,,,
,,吉野,,,,,
,,吉野,,,,,
,,吉野,,,,,
,,吉野,,,,,
,,吉野,,,,,
,,吉野,,,,,
,,吉野,,,,,
,,吉野,,,,,
,,吉野,,,,,
,,吉野,,,,,
,,吉野,,,,,
,,吉野,,,,,
,,吉野,,,,,
,,吉野,,,,,
,,吉野,,,,,
,,吉野,,,,,
,,吉野,,,,,
,,吉野,,,,,
,,吉野,,,,,
,,吉野,,,,,
,,吉野,,,,,
,,吉野,,,,,
,,吉野,,,,,
,,吉野,,,,,
,,吉野,,,,,
,,吉野,,,,,
,,吉野,,,,,
,,吉野,,,,,
,,吉野,,,,,
,,吉野,,,,,
,,吉野,,,,,
,,吉野,,,,,
,,吉野,,,,,
,,吉野,,,,,
,,吉野,,,,,
,,吉野,,,,,
,,吉野,,,,,
,,吉野,,,,,
,,吉野,,,,,
,,吉野,,,,,
,,吉野,,,,,
,,吉野,,,,,
,,吉野,,,,,
,,吉野,,,,,
,,吉野,,,,,
,,吉野,,,,,
,,吉野,,,,,
,,吉野,,,,,
,,吉野,,,,,
,,吉野,,,,,
,,吉野,,,,,
,,吉野,,,,,
,,吉野,,,,,
,,吉野,,,,,
,,吉野,,,,,
,,吉野,,,,,
,,吉野,,,,,
,,吉野,,,,,
,,吉野,,,,,
,,吉野,,,,,
,,吉野,,,,,
,,吉野,,,,,
,,吉野,,,,,
,,吉野,,,,,
,,吉野,,,,,
,,吉野,,,,,
,,吉野,,,,,
,,吉野,,,,,
,,吉野,,,,,
,,吉野,,,,,
,,吉野,,,,,
,,吉野,,,,,
,,吉野,,,,,
,,吉野,,,,,
,,吉野,,,,,
,,吉野,,,,,
,,吉野,,,,,
,,吉野,,,,,
,,吉野,,,,,
,,吉野,,,,,
,,吉野,,,,,
,,吉野,,,,,
,,吉野,,,,,
,,吉野,,,,,
,,吉野,,,,,
,,吉野,,,,,
,,吉野,,,,,
,,吉野,,,,,
,,吉野,,,,,
,,吉野,,,,,
,,吉野,,,,,
,,吉野,,,,,
,,吉野,,,,,
,,吉野,,,,,
,,吉野,,,,,
,,吉野,,,,,
,,吉野,,,,,
,,吉野,,,,,
,,吉野,,,,,
,,吉野,,,,,
,,吉野,,,,,
,,吉野,,,,,
,,吉野,,,,,
,,吉野,,,,,
,,吉野,,,,,
,,吉野,,,,,
,,吉野,,,,,
,,吉野,,,,,
,,吉野,,,,,
,,吉野,,,,,
,,吉野,,,,,
,,吉野,,,,,
,,吉野,,,,,
,,吉野,,,,,
,,吉野,,,,,
,,吉野,,,,,
,,吉野,,,,,
,,吉野,,,,,
,,吉野,,,,,
,,吉野,,,,,
,,吉野,,,,,
,,吉野,,,,,
,,吉野,,,,,
,,吉野,,,,,
,,吉野,,,,,
,,吉野,,,,,
,,吉野,,,,,
,,吉野,,,,,
,,吉野,,,,,
,,吉野,,,,,
,,吉野,,,,,
,,吉野,,,,,
,,吉野,,,,,
,,吉野,,,,,
,,吉野,,,,,
,,吉野,,,,,
,,吉野,,,,,
,,吉野,,,,,
,,吉野,,,,,
,,吉野,,,,,
,,吉野,,,,,
,,吉野,,,,,
,,吉野,,,,,
,,吉野,,,,,
,,吉野,,,,,
,,吉野,,,,,
,,吉野,,,,,
,,吉野,,,,,
,,吉野,,,,,
,,吉野,,,,,
,,吉野,,,,,
,,吉野,,,,,
,,吉野,,,,,
,,吉野,,,,,
,,吉野,,,,,
,,吉野,,,,,
,,吉野,,,,,
,,吉野,,,,,
,,吉野,,,,,
,,吉野,,,,,
,,吉野,,,,,
,,吉野,,,,,
,,吉野,,,,,
,,吉野,,,,,
,,吉野,,,,,
,,吉野,,,,,
,,吉野,,,,,
,,吉野,,,,,
,,吉野,,,,,
,,吉野,,,,,
,,吉野,,,,,
,,吉野,,,,,
,,吉野,,,,,
,,吉野,,,,,
,,吉野,,,,,
,,吉野,,,,,
,,吉野,,,,,
,,吉野,,,,,
,,吉野,,,,,
,,吉野,,,,,
,,吉野,,,,,
,,吉野,,,,,
,,吉野,,,,,
,,吉野,,,,,
,,吉野,,,,,
,,吉野,,,,,
,,吉野,,,,,
,,吉野,,,,,
,,吉野,,,,,
,,吉野,,,,,
,,吉野,,,,,
,,吉野,,,,,
,,吉野,,,,,
,,吉野,,,,,
,,吉野,,,,,
,,吉野,,,,,
,,吉野,,,,,
,,吉野,,,,,
,,吉野,,,,,
,,吉野,,,,,
,,吉野,,,,,
,,吉野,,,,,
,,吉野,,,,,
,,吉野,,,,,
,,吉野,,,,,
,,吉野,,,,,
,,吉野,,,,,
,,吉野,,,,,
,,吉野,,,,,
,,吉野,,,,,
,,吉野,,,,,
,,吉野,,,,,
,,吉野,,,,,
,,吉野,,,,,
,,吉野,,,,,
,,吉野,,,,,
,,吉野,,,,,
,,吉野,,,,,
,,吉野,,,,,
,,吉野,,,,,
,,吉野,,,,,
,,吉野,,,,,
,,吉野,,,,,
,,吉野,,,,,
,,吉野,,,,,
,,吉野,,,,,
,,吉野,,,,,
,,吉野,,,,,
,,吉野,,,,,
,,吉野,,,,,
,,吉野,,,,,
,,吉野,,,,,
,,吉野,,,,,
,,吉野,,,,,
,,吉野,,,,,
,,吉野,,,,,
,,吉野,,,,,
,,吉野,,,,,
,,吉野,,,,,
,,吉野,,,,,
,,吉野,,,,,
,,吉野,,,,,
,,吉野,,,,,
,,吉野,,,,,
,,吉野,,,,,
,,吉野,,,,,
,,吉野,,,,,
,,吉野,,,,,
,,吉野,,,,,
,,吉野,,,,,
,,吉野,,,,,
,,吉野,,,,,
,,吉野,,,,,
,,吉野,,,,,
,,吉野,,,,,
,,吉野,,,,,
,,吉野,,,,,
,,吉野,,,,,
,,吉野,,,,,
,,吉野,,,,,
,,吉野,,,,,
,,吉野,,,,,
,,吉野,,,,,
,,吉野,,,,,
,,吉野,,,,,
,,吉野,,,,,
,,吉野,,,,,
,,吉野,,,,,
,,吉野,,,,,
,,吉野,,,,,
,,吉野,,,,,
,,吉野,,,,,
,,吉野,,,,,
,,吉野,,,,,
,,吉野,,,,,
,,吉野,,,,,
,,吉野,,,,,
,,吉野,,,,,
,,吉野,,,,,
,,吉野,,,,,
,,吉野,,,,,
,,吉野,,,,,
,,吉野,,,,,
,,吉野,,,,,
,,吉野,,,,,
,,吉野,,,,,
,,吉野,,,,,
,,吉野,,,,,
,,吉野,,,,,
,,吉野,,,,,
,,吉野,,,,,
,,吉野,,,,,
,,吉野,,,,,
,,吉野,,,,,
,,吉野,,,,,
,,吉野,,,,,
,,吉野,,,,,
,,吉野,,,,,
,,吉野,,,,,
,,吉野,,,,,
,,吉野,,,,,
,,吉野,,,,,
,,吉野,,,,,
,,吉野,,,,,
,,吉野,,,,,
,,吉野,,,,,
,,吉野,,,,,
,,吉野,,,,,
,,吉野,,,,,
,,吉野,,,,,
,,吉野,,,,,
,,吉野,,,,,
,,吉野,,,,,
,,吉野,,,,,
,,吉野,,,,,
,,吉野,,,,,
,,吉野,,,,,
,,吉野,,,,,
,,吉野,,,,,
,,吉野,,,,,
,,吉野,,,,,
,,吉野,,,,,
,,吉野,,,,,
,,吉野,,,,,
,,吉野,,,,,
,,吉野,,,,,
,,吉野,,,,,
,,吉野,,,,,
,,吉野,,,,,
,,吉野,,,,,
,,吉野,,,,,
,,吉野,,,,,
,,吉野,,,,,
,,吉野,,,,,
,,吉野,,,,,
,,吉野,,,,,
,,吉野,,,,,
,,吉野,,,,,
,,吉野,,,,,
,,吉野,,,,,
,,吉野,,,,,
,,吉野,,,,,
,,吉野,,,,,
,,吉野,,,,,
,,吉野,,,,,
,,吉野,,,,,
,,吉野,,,,,
,,吉野,,,,,
,,吉野,,,,,
,,吉野,,,,,
,,吉野,,,,,
,,吉野,,,,,
,,吉野,,,,,
,,吉野,,,,,
,,吉野,,,,,
,,吉野,,,,,
,,吉野,,,,,
,,吉野,,,,,
,,吉野,,,,,
,,吉野,,,,,
,,吉野,,,,,
,,吉野,,,,,
,,吉野,,,,,
,,吉野,,,,,
,,吉野,,,,,
,,吉野,,,,,
,,吉野,,,,,
,,吉野,,,,,
,,吉野,,,,,
,,吉野,,,,,
,,吉野,,,,,
,,吉野,,,,,
,,吉野,,,,,
,,吉野,,,,,
,,吉野,,,,,
,,吉野,,,,,
,,吉野,,,,,
,,吉野,,,,,
,,吉野,,,,,
,,吉野,,,,,
,,吉野,,,,,
,,吉野,,,,,
,,吉野,,,,,
,,吉野,,,,,
,,吉野,,,,,
,,吉野,,,,,
,,吉野,,,,,
,,吉野,,,,,
,,吉野,,,,,
,,吉野,,,,,
,,吉野,,,,,
,,吉野,,,,,
,,吉野,,,,,
,,吉野,,,,,
,,吉野,,,,,
,,吉野,,,,,
,,吉野,,,,,
,,吉野,,,,,
,,吉野,,,,,
,,吉野,,,,,
,,吉野,,,,,
,,吉野,,,,,
,,吉野,,,,,
,,吉野,,,,,
,,吉野,,,,,
,,吉野,,,,,
,,吉野,,,,,
,,吉野,,,,,
,,吉野,,,,,
,,吉野,,,,,
,,吉野,,,,,
,,吉野,,,,,
,,吉野,,,,,
,,吉野,,,,,
,,吉野,,,,,
,,吉野,,,,,
,,吉野,,,,,
,,吉野,,,,,
,,吉野,,,,,
,,吉野,,,,,
,,吉野,,,,,
,,吉野,,,,,
,,吉野,,,,,
,,吉野,,,,,
,,吉野,,,,,
,,吉野,,,,,
,,吉野,,,,,
,,吉野,,,,,
,,吉野,,,,,
,,吉野,,,,,
,,吉野,,,,,
,,吉野,,,,,
,,吉野,,,,,
,,吉野,,,,,
,,吉野,,,,,
,,吉野,,,,,
,,吉野,,,,,
,,吉野,,,,,
,,吉野,,,,,
,,吉野,,,,,
,,吉野,,,,,
,,吉野,,,,,
,,吉野,,,,,
,,吉野,,,,,
,,吉野,,,,,
,,吉野,,,,,
,,吉野,,,,,
,,吉野,,,,,
,,吉野,,,,,
,,吉野,,,,,
,,吉野,,,,,
,,吉野,,,,,
,,吉野,,,,,
,,吉野,,,,,
,,吉野,,,,,
,,吉野,,,,,
,,吉野,,,,,
,,吉野,,,,,
,,吉野,,,,,
,,吉野,,,,,
,,吉野,,,,,
,,吉野,,,,,
,,吉野,,,,,
,,吉野,,,,,
,,吉野,,,,,
,,吉野,,,,,
,,吉野,,,,,
,,吉野,,,,,
,,吉野,,,,,
,,吉野,,,,,
,,吉野,,,,,
,,吉野,,,,,
,,吉野,,,,,
,,吉野,,,,,
,,吉野,,,,,
,,吉野,,,,,
,,吉野,,,,,
,,吉野,,,,,
,,吉野,,,,,
,,吉野,,,,,
,,吉野,,,,,
,,作村,,,,,
,,作村,,,,,
,,作村,,,,,
,,作村,,,,,
,,作村,,,,,
,,作村,,,,,
,,作村,,,,,
,,作村,,,,,
,,作村,,,,,
,,作村,,,,,
,,作村,,,,,
,,作村,,,,,
,,作村,,,,,
,,作村,,,,,
,,作村,,,,,
,,作村,,,,,
,,作村,,,,,
,,作村,,,,,
,,作村,,,,,
,,作村,,,,,
,,作村,,,,,
,,作村,,,,,
,,作村,,,,,
,,作村,,,,,
,,作村,,,,,
,,作村,,,,,
,,作村,,,,,
,,作村,,,,,
,,作村,,,,,
,,作村,,,,,
,,作村,,,,,
,,作村,,,,,
,,作村,,,,,
,,作村,,,,,
,,作村,,,,,
,,作村,,,,,
,,作村,,,,,
,,作村,,,,,
,,作村,,,,,
,,作村,,,,,
,,作村,,,,,
,,作村,,,,,
,,作村,,,,,
,,作村,,,,,
,,作村,,,,,
,,作村,,,,,
,,作村,,,,,
,,作村,,,,,
,,作村,,,,,
,,作村,,,,,
,,作村,,,,,
,,作村,,,,,
,,作村,,,,,
,,作村,,,,,
,,作村,,,,,
,,作村,,,,,
,,作村,,,,,
,,作村,,,,,
,,作村,,,,,
,,作村,,,,,
,,作村,,,,,
,,作村,,,,,
,,作村,,,,,
,,作村,,,,,
,,作村,,,,,
,,作村,,,,,
,,作村,,,,,
,,作村,,,,,
,,作村,,,,,
,,作村,,,,,
,,作村,,,,,
,,作村,,,,,
,,作村,,,,,
,,作村,,,,,
,,作村,,,,,
,,作村,,,,,
,,作村,,,,,
,,作村,,,,,
,,作村,,,,,
,,作村,,,,,
,,作村,,,,,
,,作村,,,,,
,,作村,,,,,
,,作村,,,,,
,,作村,,,,,
,,作村,,,,,
,,作村,,,,,
,,作村,,,,,
,,作村,,,,,
,,作村,,,,,
,,作村,,,,,
,,作村,,,,,
,,作村,,,,,
,,作村,,,,,
,,作村,,,,,
,,作村,,,,,
,,作村,,,,,
,,作村,,,,,
,,作村,,,,,
,,作村,,,,,
,,作村,,,,,
,,作村,,,,,
,,作村,,,,,
,,作村,,,,,
,,作村,,,,,
,,作村,,,,,
,,作村,,,,,
,,作村,,,,,
,,作村,,,,,
,,作村,,,,,
,,作村,,,,,
,,作村,,,,,
,,作村,,,,,
,,作村,,,,,
,,作村,,,,,
,,作村,,,,,
,,作村,,,,,
,,作村,,,,,
,,作村,,,,,
,,作村,,,,,
,,作村,,,,,
,,作村,,,,,
,,作村,,,,,
,,作村,,,,,
,,作村,,,,,
,,作村,,,,,
,,作村,,,,,
,,作村,,,,,
,,作村,,,,,
,,作村,,,,,
,,作村,,,,,
,,作村,,,,,
,,作村,,,,,
,,作村,,,,,
,,作村,,,,,
,,作村,,,,,
,,作村,,,,,
,,作村,,,,,
,,作村,,,,,
,,作村,,,,,
,,作村,,,,,
,,作村,,,,,
,,作村,,,,,
,,作村,,,,,
,,作村,,,,,
,,作村,,,,,
,,作村,,,,,
,,作村,,,,,
,,作村,,,,,
,,作村,,,,,
,,作村,,,,,
,,作村,,,,,
,,作村,,,,,
,,作村,,,,,
,,作村,,,,,
,,作村,,,,,
,,作村,,,,,
,,作村,,,,,
,,作村,,,,,
,,作村,,,,,
,,作村,,,,,
,,作村,,,,,
,,作村,,,,,
,,作村,,,,,
,,作村,,,,,
,,作村,,,,,
,,作村,,,,,
,,作村,,,,,
,,作村,,,,,
,,作村,,,,,
,,作村,,,,,
,,作村,,,,,
,,作村,,,,,
,,作村,,,,,
,,作村,,,,,
,,作村,,,,,
,,作村,,,,,
,,作村,,,,,
,,作村,,,,,
,,作村,,,,,
,,作村,,,,,
,,作村,,,,,
,,作村,,,,,
,,作村,,,,,
,,作村,,,,,
,,作村,,,,,
,,作村,,,,,
,,作村,,,,,
,,作村,,,,,
,,作村,,,,,
,,作村,,,,,
,,作村,,,,,
,,作村,,,,,
,,作村,,,,,
,,作村,,,,,
,,作村,,,,,
,,作村,,,,,
,,作村,,,,,
,,作村,,,,,
,,作村,,,,,
,,作村,,,,,
,,作村,,,,,
,,作村,,,,,
,,作村,,,,,
,,作村,,,,,
,,作村,,,,,
,,作村,,,,,
,,作村,,,,,
,,作村,,,,,
,,作村,,,,,
,,作村,,,,,
,,作村,,,,,
,,作村,,,,,
,,作村,,,,,
,,作村,,,,,
,,作村,,,,,
,,作村,,,,,
,,作村,,,,,
,,作村,,,,,
,,作村,,,,,
,,作村,,,,,
,,作村,,,,,
,,作村,,,,,
,,作村,,,,,
,,作村,,,,,
,,作村,,,,,
,,作村,,,,,
,,作村,,,,,
,,作村,,,,,
,,作村,,,,,
,,作村,,,,,
,,作村,,,,,
,,作村,,,,,
,,作村,,,,,
,,作村,,,,,
,,作村,,,,,
,,作村,,,,,
,,作村,,,,,
,,作村,,,,,
,,作村,,,,,
,,作村,,,,,
,,作村,,,,,
,,作村,,,,,
,,作村,,,,,
,,作村,,,,,
,,作村,,,,,
,,作村,,,,,
,,作村,,,,,
,,作村,,,,,
,,作村,,,,,
,,作村,,,,,
,,作村,,,,,
,,作村,,,,,
,,作村,,,,,
,,作村,,,,,
,,作村,,,,,
,,作村,,,,,
,,作村,,,,,
,,作村,,,,,
,,作村,,,,,
,,作村,,,,,
,,作村,,,,,
,,作村,,,,,
,,作村,,,,,
,,作村,,,,,
,,作村,,,,,
,,作村,,,,,
,,作村,,,,,
,,作村,,,,,
,,作村,,,,,
,,作村,,,,,
,,作村,,,,,
,,作村,,,,,
,,作村,,,,,
,,作村,,,,,
,,作村,,,,,
,,作村,,,,,
,,作村,,,,,
,,作村,,,,,
,,作村,,,,,
,,作村,,,,,
,,作村,,,,,
,,作村,,,,,
,,作村,,,,,
,,作村,,,,,
,,作村,,,,,
,,作村,,,,,
,,作村,,,,,
,,作村,,,,,
,,作村,,,,,
,,作村,,,,,
,,作村,,,,,
,,作村,,,,,
,,作村,,,,,
,,作村,,,,,
,,作村,,,,,
,,作村,,,,,
,,作村,,,,,
,,作村,,,,,
,,作村,,,,,
,,作村,,,,,
,,作村,,,,,
,,作村,,,,,
,,作村,,,,,
,,作村,,,,,
,,作村,,,,,
,,作村,,,,,
,,作村,,,,,
,,作村,,,,,
,,作村,,,,,
,,作村,,,,,
,,作村,,,,,
,,作村,,,,,
,,作村,,,,,
,,作村,,,,,
,,作村,,,,,
,,作村,,,,,
,,作村,,,,,
,,作村,,,,,
,,作村,,,,,
,,作村,,,,,
,,作村,,,,,
,,作村,,,,,
,,作村,,,,,
,,作村,,,,,
,,作村,,,,,
,,作村,,,,,
,,作村,,,,,
,,作村,,,,,
,,作村,,,,,
,,作村,,,,,
,,作村,,,,,
,,作村,,,,,
,,作村,,,,,
,,作村,,,,,
,,作村,,,,,
,,作村,,,,,
,,作村,,,,,
,,作村,,,,,
,,作村,,,,,
,,作村,,,,,
,,作村,,,,,
,,作村,,,,,
,,作村,,,,,
,,作村,,,,,
,,作村,,,,,
,,作村,,,,,
,,作村,,,,,
,,作村,,,,,
,,作村,,,,,
,,作村,,,,,
,,作村,,,,,
,,作村,,,,,
,,作村,,,,,
,,作村,,,,,
,,作村,,,,,
,,作村,,,,,
,,作村,,,,,
,,作村,,,,,
,,作村,,,,,
,,作村,,,,,
,,作村,,,,,
,,作村,,,,,
,,作村,,,,,
,,作村,,,,,
,,作村,,,,,
,,作村,,,,,
,,作村,,,,,
,,作村,,,,,
,,作村,,,,,
,,作村,,,,,
,,作村,,,,,
,,作村,,,,,
,,作村,,,,,
,,作村,,,,,
,,作村,,,,,
,,作村,,,,,
,,作村,,,,,
,,作村,,,,,
,,作村,,,,,
,,作村,,,,,
,,作村,,,,,
,,作村,,,,,
,,作村,,,,,
,,作村,,,,,
,,作村,,,,,
,,作村,,,,,
,,作村,,,,,
,,作村,,,,,
,,作村,,,,,
,,作村,,,,,
,,作村,,,,,
,,作村,,,,,
,,作村,,,,,
,,作村,,,,,
,,作村,,,,,
,,作村,,,,,
,,作村,,,,,
,,作村,,,,,
,,作村,,,,,
,,作村,,,,,
,,作村,,,,,
,,作村,,,,,
,,作村,,,,,
,,作村,,,,,
,,作村,,,,,
,,作村,,,,,
,,作村,,,,,
,,作村,,,,,
,,作村,,,,,
,,作村,,,,,
,,作村,,,,,
,,作村,,,,,
,,作村,,,,,
,,作村,,,,,
,,作村,,,,,
,,作村,,,,,
,,作村,,,,,
,,作村,,,,,
,,作村,,,,,
,,作村,,,,,
,,作村,,,,,
,,作村,,,,,
,,作村,,,,,
,,作村,,,,,
,,作村,,,,,
,,作村,,,,,
,,作村,,,,,
,,作村,,,,,
,,作村,,,,,
,,作村,,,,,
,,作村,,,,,
,,作村,,,,,
,,作村,,,,,
,,作村,,,,,
,,作村,,,,,
,,作村,,,,,
,,作村,,,,,
,,作村,,,,,
,,作村,,,,,
,,作村,,,,,
,,作村,,,,,
,,作村,,,,,
,,作村,,,,,
,,作村,,,,,
,,作村,,,,,
,,作村,,,,,
,,作村,,,,,
,,作村,,,,,
,,作村,,,,,
,,作村,,,,,
,,作村,,,,,
,,作村,,,,,
,,作村,,,,,
,,作村,,,,,
,,作村,,,,,
,,作村,,,,,
,,作村,,,,,
,,作村,,,,,
,,作村,,,,,
,,作村,,,,,
,,作村,,,,,
,,作村,,,,,
,,作村,,,,,
,,作村,,,,,
,,作村,,,,,
,,作村,,,,,
,,作村,,,,,
,,作村,,,,,
,,作村,,,,,
,,作村,,,,,
,,作村,,,,,
,,作村,,,,,
,,作村,,,,,
,,作村,,,,,
,,作村,,,,,
,,作村,,,,,
,,作村,,,,,
,,作村,,,,,
,,作村,,,,,
,,作村,,,,,
,,作村,,,,,
,,作村,,,,,
,,作村,,,,,
,,作村,,,,,
,,作村,,,,,
,,作村,,,,,
,,作村,,,,,
,,作村,,,,,
,,作村,,,,,
,,作村,,,,,
,,作村,,,,,
,,作村,,,,,
,,作村,,,,,
,,作村,,,,,
,,作村,,,,,
,,作村,,,,,
,,作村,,,,,
,,作村,,,,,
,,作村,,,,,
,,作村,,,,,
,,作村,,,,,
,,作村,,,,,
,,作村,,,,,
,,作村,,,,,
,,作村,,,,,
,,作村,,,,,
,,作村,,,,,
,,作村,,,,,
,,作村,,,,,
,,作村,,,,,
,,作村,,,,,
,,作村,,,,,
,,作村,,,,,
,,作村,,,,,
,,作村,,,,,
,,作村,,,,,
,,作村,,,,,
,,作村,,,,,
,,作村,,,,,
,,作村,,,,,
,,作村,,,,,
,,作村,,,,,
,,作村,,,,,
,,作村,,,,,
,,作村,,,,,
,,作村,,,,,
,,作村,,,,,
,,作村,,,,,
,,作村,,,,,
,,作村,,,,,
,,作村,,,,,
,,作村,,,,,
,,作村,,,,,
,,作村,,,,,
,,作村,,,,,
,,作村,,,,,
,,作村,,,,,
,,作村,,,,,
,,作村,,,,,
,,作村,,,,,
,,作村,,,,,
,,作村,,,,,
,,作村,,,,,
,,作村,,,,,
,,作村,,,,,
,,作村,,,,,
,,作村,,,,,
,,作村,,,,,
,,作村,,,,,
,,作村,,,,,
,,作村,,,,,
,,作村,,,,,
,,作村,,,,,
,,作村,,,,,
,,作村,,,,,
,,作村,,,,,
,,作村,,,,,
,,作村,,,,,
,,作村,,,,,
,,作村,,,,,
,,作村,,,,,
,,作村,,,,,
,,作村,,,,,
,,作村,,,,,
,,作村,,,,,
,,作村,,,,,
,,作村,,,,,
,,作村,,,,,
,,作村,,,,,
,,作村,,,,,
,,作村,,,,,
,,作村,,,,,
,,作村,,,,,
,,作村,,,,,
,,作村,,,,,
,,作村,,,,,
,,作村,,,,,
,,作村,,,,,
,,作村,,,,,
,,作村,,,,,
,,作村,,,,,
,,作村,,,,,
,,作村,,,,,
,,作村,,,,,
,,作村,,,,,
,,作村,,,,,
,,作村,,,,,
,,作村,,,,,
,,作村,,,,,
,,作村,,,,,
,,作村,,,,,
,,作村,,,,,
,,作村,,,,,
,,作村,,,,,
,,作村,,,,,
,,作村,,,,,
,,作村,,,,,
,,作村,,,,,
,,作村,,,,,
,,作村,,,,,
,,作村,,,,,
,,作村,,,,,
,,作村,,,,,
,,作村,,,,,
,,作村,,,,,
,,作村,,,,,
,,作村,,,,,
,,作村,,,,,
,,作村,,,,,
,,作村,,,,,
,,作村,,,,,
,,作村,,,,,
,,作村,,,,,
,,作村,,,,,
,,作村,,,,,
,,作村,,,,,
,,作村,,,,,
,,作村,,,,,
,,作村,,,,,
,,作村,,,,,
,,作村,,,,,
,,作村,,,,,
,,作村,,,,,
,,作村,,,,,
,,作村,,,,,
,,作村,,,,,
,,作村,,,,,
,,作村,,,,,
,,作村,,,,,
,,作村,,,,,
,,作村,,,,,
,,作村,,,,,
,,作村,,,,,
,,作村,,,,,
,,作村,,,,,
,,作村,,,,,
,,作村,,,,,
,,作村,,,,,
,,作村,,,,,
,,作村,,,,,
,,作村,,,,,
,,作村,,,,,
,,作村,,,,,
,,作村,,,,,
,,作村,,,,,
,,作村,,,,,
,,作村,,,,,
,,作村,,,,,
,,作村,,,,,
,,作村,,,,,
,,作村,,,,,
,,作村,,,,,
,,作村,,,,,
,,作村,,,,,
,,作村,,,,,
,,作村,,,,,
,,作村,,,,,
,,作村,,,,,
,,作村,,,,,
,,作村,,,,,
,,作村,,,,,
,,作村,,,,,
,,作村,,,,,
,,作村,,,,,
,,作村,,,,,
,,作村,,,,,
,,作村,,,,,
,,作村,,,,,
,,作村,,,,,
,,作村,,,,,
,,作村,,,,,
,,作村,,,,,
,,作村,,,,,
,,作村,,,,,
,,作村,,,,,
,,作村,,,,,
,,作村,,,,,
,,作村,,,,,
,,作村,,,,,
,,作村,,,,,
,,作村,,,,,
,,作村,,,,,
,,作村,,,,,
,,作村,,,,,
,,作村,,,,,
,,作村,,,,,
,,作村,,,,,
,,作村,,,,,
,,作村,,,,,
,,作村,,,,,
,,作村,,,,,
,,作村,,,,,
,,作村,,,,,
,,作村,,,,,
,,作村,,,,,
,,作村,,,,,
,,作村,,,,,
,,作村,,,,,
,,作村,,,,,
,,作村,,,,,
,,作村,,,,,
,,作村,,,,,
,,作村,,,,,
,,作村,,,,,
,,作村,,,,,
,,作村,,,,,
,,作村,,,,,
,,作村,,,,,
,,作村,,,,,
,,作村,,,,,
,,作村,,,,,
,,作村,,,,,
,,作村,,,,,
,,作村,,,,,
,,作村,,,,,
,,作村,,,,,
,,作村,,,,,
,,作村,,,,,
,,作村,,,,,
,,作村,,,,,
,,作村,,,,,
,,作村,,,,,
,,作村,,,,,
,,作村,,,,,
,,作村,,,,,
,,作村,,,,,
,,作村,,,,,
,,作村,,,,,
,,作村,,,,,
,,作村,,,,,
,,作村,,,,,
,,作村,,,,,
,,作村,,,,,
,,作村,,,,,
,,作村,,,,,
,,作村,,,,,
,,作村,,,,,
,,作村,,,,,
,,作村,,,,,
,,作村,,,,,
,,作村,,,,,
,,作村,,,,,
,,作村,,,,,
,,作村,,,,,
,,作村,,,,,
,,作村,,,,,
,,作村,,,,,
,,作村,,,,,
,,作村,,,,,
,,作村,,,,,
,,作村,,,,,
,,作村,,,,,
,,作村,,,,,
,,作村,,,,,
,,作村,,,,,
,,作村,,,,,
,,作村,,,,,
,,作村,,,,,
,,作村,,,,,
,,作村,,,,,
,,作村,,,,,
,,作村,,,,,
,,作村,,,,,
,,作村,,,,,
,,作村,,,,,
,,作村,,,,,
,,作村,,,,,
,,作村,,,,,
,,作村,,,,,
,,作村,,,,,
,,作村,,,,,
,,作村,,,,,
,,作村,,,,,
,,作村,,,,,
,,作村,,,,,
,,作村,,,,,
,,作村,,,,,
,,作村,,,,,
,,作村,,,,,
,,作村,,,,,
,,作村,,,,,
,,作村,,,,,
,,作村,,,,,
,,作村,,,,,
,,作村,,,,,
,,作村,,,,,
,,作村,,,,,
,,作村,,,,,
,,作村,,,,,
,,作村,,,,,
,,作村,,,,,
,,作村,,,,,
,,作村,,,,,
,,作村,,,,,
,,作村,,,,,
,,作村,,,,,
,,作村,,,,,
,,作村,,,,,
,,作村,,,,,
,,作村,,,,,
,,作村,,,,,
,,作村,,,,,
,,作村,,,,,
,,作村,,,,,
,,作村,,,,,
,,作村,,,,,
,,作村,,,,,
,,作村,,,,,
,,作村,,,,,
,,作村,,,,,
,,作村,,,,,
,,作村,,,,,
,,作村,,,,,
,,作村,,,,,
,,作村,,,,,
,,作村,,,,,
,,作村,,,,,
,,作村,,,,,
,,作村,,,,,
,,作村,,,,,
,,作村,,,,,
,,作村,,,,,
,,作村,,,,,
,,作村,,,,,
,,作村,,,,,
,,作村,,,,,
,,作村,,,,,
,,作村,,,,,
,,作村,,,,,
,,作村,,,,,
,,作村,,,,,
,,作村,,,,,
,,作村,,,,,
,,作村,,,,,
,,作村,,,,,
,,作村,,,,,
,,作村,,,,,
,,作村,,,,,
,,作村,,,,,
,,作村,,,,,
,,作村,,,,,
,,作村,,,,,
,,作村,,,,,
,,作村,,,,,
,,作村,,,,,
,,作村,,,,,
,,作村,,,,,
,,作村,,,,,
,,作村,,,,,
,,作村,,,,,
,,作村,,,,,
,,作村,,,,,
,,作村,,,,,
,,作村,,,,,
,,作村,,,,,
,,作村,,,,,
,,作村,,,,,
,,作村,,,,,
,,作村,,,,,
,,作村,,,,,
,,作村,,,,,
,,作村,,,,,
,,作村,,,,,
,,作村,,,,,
,,作村,,,,,
,,作村,,,,,
,,作村,,,,,
,,作村,,,,,
,,作村,,,,,
,,作村,,,,,
,,作村,,,,,
,,作村,,,,,
,,作村,,,,,
,,作村,,,,,
,,作村,,,,,
,,作村,,,,,
,,作村,,,,,
,,作村,,,,,
,,作村,,,,,
,,作村,,,,,
,,作村,,,,,
,,作村,,,,,
,,作村,,,,,
,,作村,,,,,
,,作村,,,,,
,,作村,,,,,
,,作村,,,,,
,,作村,,,,,
